8.531473203382561321e-01,1.127049431086035725e+00,9.558166140924224674e-01,9.821310435272837536e-01,1.171431233807039174e+00,1.153425092398519203e+00,8.884713954493258514e-01,9.718940546144572146e-01,8.426023704568490480e-01,8.049433322988662765e-01,1.102137371135478272e+00,9.963994385133072562e-01,8.946999438546229255e-01,8.887678988411948922e-01,9.820648732092457367e-01,1.174178339584075470e+00,8.120628882462228582e-01,1.171438541467505257e+00,1.038836827668045970e+00,9.062500991040344234e-01
1.091375475759945424e+00,8.024917342284368926e-01,1.014604243667053485e+00,8.718917038316253976e-01,9.117445896473858058e-01,1.015392156860475570e+00,1.080238490251479000e+00,9.482338522194353470e-01,8.614447244940612869e-01,1.104607918873298456e+00,1.094688702265808278e+00,1.155993023442694501e+00,9.141650739296943717e-01,1.059248244463695920e+00,9.259553592689132584e-01,8.222289315614600413e-01,1.055584032038241915e+00,1.120277667250381359e+00,8.075576426336295022e-01,1.181612017218360178e+00
1.155773403768672658e+00,1.181800892447902207e+00,1.057800553934949761e+00,8.983937974677373983e-01,1.099598094221940769e+00,1.016548292636070938e+00,1.125120010536917015e+00,9.907835422242852186e-01,8.015748370708510873e-01,9.206551090909814716e-01,1.075629831759249866e+00,1.054189538606470800e+00,8.010017836636562638e-01,1.171907047173117444e+00,1.092026513228767648e+00,1.121844638072990064e+00,1.008285867589013396e+00,8.429665181893266634e-01,1.103565804952638008e+00,1.134423617255933880e+00
1.165817606226810854e+00,8.294117222279684398e-01,1.003304749977362409e+00,9.304649679030796428e-01,9.356013994535916645e-01,8.329590365583706690e-01,8.978093325354586929e-01,1.014372156293923632e+00,1.189361210191846041e+00,8.264323579841982292e-01,1.134514820430897686e+00,1.001881424081650263e+00,1.181944361351775274e+00,9.638824381088573201e-01,1.198542174353701029e+00,1.166954878112748561e+00,8.210191150001473481e-01,1.163592151038453482e+00,1.058966327372285132e+00,8.077133243913826588e-01
1.140891170765436335e+00,8.244963396683371304e-01,8.760764172938789729e-01,1.191335211558773199e+00,9.541124593717106306e-01,9.162282342630558851e-01,1.011642387595770742e+00,8.034523150936268010e-01,8.702409283799102946e-01,9.669747906997021580e-01,9.281772073025997827e-01,1.107172159990517546e+00,1.070134683943873899e+00,1.161110874236011892e+00,1.080577201951885336e+00,1.046648327093786301e+00,8.613450412720006222e-01,1.157240636862972405e+00,8.969591546949692296e-01,8.222792524976284545e-01
1.122528573316752487e+00,1.195038004951851196e+00,1.141679535517075017e+00,8.598752027014877619e-01,8.671990805673135405e-01,9.289701449082607976e-01,1.085865275469028335e+00,8.531994548716856919e-01,8.707163051964772471e-01,1.081764345399326421e+00,9.010330851161979515e-01,8.138749051435809623e-01,8.625814154101336673e-01,9.653446581104547786e-01,8.772881568499132365e-01,8.895273612584579936e-01,1.053010088822711854e+00,1.121597051890840469e+00,9.074687501102134402e-01,1.109074644789403541e+00
8.119561816931826215e-01,1.102462954871970657e+00,1.170562321177483600e+00,8.198675316620779308e-01,1.116672535939567945e+00,8.790192889812784571e-01,1.119247253926759278e+00,9.718320121477959095e-01,8.338499869719927515e-01,9.582782619183061179e-01,9.257082194618654336e-01,1.124424155815539450e+00,1.070995744129869864e+00,9.378440317163041495e-01,8.927423908144339615e-01,9.125242982147973025e-01,9.117580847639644714e-01,1.018814949016808136e+00,1.120373622433588068e+00,1.111171703864057392e+00
1.038010914538710638e+00,8.611837928038429402e-01,8.339978586976443120e-01,9.457641854046157093e-01,1.057775587241152504e+00,8.143050978373473914e-01,1.141634400482770983e+00,8.003455560640788669e-01,1.012071406135854224e+00,1.070546406125153061e+00,9.416225407019324090e-01,1.082726158215445933e+00,9.621499378190516705e-01,8.867811939982445102e-01,8.857834787788477771e-01,1.136047067641022590e+00,9.537336616118059496e-01,1.022624655633036728e+00,1.108623997875499256e+00,1.011284876833060453e+00
1.191331007452395285e+00,1.123246480883578258e+00,1.153955479173863319e+00,9.326244666305418818e-01,1.020010606308890733e+00,8.190510506880044339e-01,9.564376988146670033e-01,1.156824195816434031e+00,8.211029294737837159e-01,1.182685306686269477e+00,1.181948519593360114e+00,1.062484580840400650e+00,1.187962035066667088e+00,1.092396954848261270e+00,1.189980071635531100e+00,1.106276125280330591e+00,1.066203467679031736e+00,8.965980498726063841e-01,1.077935583409216358e+00,1.169452669164554370e+00
1.021660308890520508e+00,1.081863248332586736e+00,8.579717626458565061e-01,1.151272327307516496e+00,8.406812201598899970e-01,9.123071458903158071e-01,8.472228367183500808e-01,9.293264672698241524e-01,1.077667651718948960e+00,1.183175937927272159e+00,1.147500061989875864e+00,1.072163654240867459e+00,1.030106959570035619e+00,1.077658513930972672e+00,1.128800197932877891e+00,8.208379659891128499e-01,8.974699031021912132e-01,1.025212643531518530e+00,8.583476354184932378e-01,9.889260348073557472e-01
1.172217423523804758e+00,9.525499061452747940e-01,1.143607648724204395e+00,1.197437905014904880e+00,9.126937481518809792e-01,1.118815227657315559e+00,1.140258535852358479e+00,1.173207834396458260e+00,9.449536123126324183e-01,9.228817203163232064e-01,9.389612115878340770e-01,1.102746390970880785e+00,1.042479638877336079e+00,1.119392749896295003e+00,1.184641987786581474e+00,1.003011996533974548e+00,9.817979077271894450e-01,8.338477389291247821e-01,8.186959617569709025e-01,1.117994952501808248e+00
8.707193116479947648e-01,1.016100824079426701e+00,1.056408295091733507e+00,1.153413860191216500e+00,9.645979531296065002e-01,9.764059479242526152e-01,8.883447877019785555e-01,1.103284050733514432e+00,1.021593267666763616e+00,8.275494143932043967e-01,8.451838280057228925e-01,9.865308176572326060e-01,1.076900217192394926e+00,1.170763085269919568e+00,8.548408550802717443e-01,9.559538902407366256e-01,9.282918784976768034e-01,8.797305434969359128e-01,1.195087948576556869e+00,8.242427316359778322e-01
9.176061919321381044e-01,1.182206471977039985e+00,8.360394323810418360e-01,1.000525599864054760e+00,9.813184773499619151e-01,1.188202920404559659e+00,1.161595123863080836e+00,8.796767061468908633e-01,8.732409707751753736e-01,9.089116236041570041e-01,1.151921004849036922e+00,1.146284886776980816e+00,1.127880447501513839e+00,8.384443110065439297e-01,1.073195780923230869e+00,1.078558081487682951e+00,1.107088275341741923e+00,1.118862917644189769e+00,8.513891341827775072e-01,8.454786794709233666e-01
1.024191957458087554e+00,9.834568433028441081e-01,1.140381642420037922e+00,9.366048761421899016e-01,8.522216735102080554e-01,1.007074514578334412e+00,9.879126244098401788e-01,1.168560381984041774e+00,8.574505335622175650e-01,1.103977181375460193e+00,8.893780567737017417e-01,9.826723414306495208e-01,1.056122438306541067e+00,9.304240851569196558e-01,8.054585521090409372e-01,8.351411498751558637e-01,9.128052785825271354e-01,8.175665811667289784e-01,9.782814743031579274e-01,8.347445748930280018e-01
1.003460964447104642e+00,1.084554933257262599e+00,1.020398392869370285e+00,1.034547459007203241e+00,1.086453794137434148e+00,1.076504938619031737e+00,1.026692013424956640e+00,9.012035962601242511e-01,1.093388048313867822e+00,9.007236911267718638e-01,1.062022792737647992e+00,8.293706386488597371e-01,1.103171936368255945e+00,1.067317005617400838e+00,1.083891189932656207e+00,8.750040088963209062e-01,9.652798660859502888e-01,8.185063659206271991e-01,8.159717691886889668e-01,8.316678208441907749e-01
9.389253671559329995e-01,1.169704461516512861e+00,8.498741851316061746e-01,8.782203707889132405e-01,1.067493391749028797e+00,9.191785850679383696e-01,1.189992285549735129e+00,1.193852400084381316e+00,1.124256492232672544e+00,9.938119204105037019e-01,9.086126633299488331e-01,1.024444885294105045e+00,1.146616381321205802e+00,1.091451665482536360e+00,1.009695990015009981e+00,1.020398923680932990e+00,1.039041333649114662e+00,1.013484696203126090e+00,9.215882857754978952e-01,1.152688763623161305e+00
1.041554093783302326e+00,1.194295043856821614e+00,1.174953848598070838e+00,1.055381400521873125e+00,9.997947236665988280e-01,8.039610802028853698e-01,1.135179531916273854e+00,9.850633186321395840e-01,1.090957748186094811e+00,1.146215939414484852e+00,9.896553213434308161e-01,1.194501009124531610e+00,9.531212737777245980e-01,9.434988159255744966e-01,9.099842170041568812e-01,1.001745259625123063e+00,1.027916150096005898e+00,1.033844708998153505e+00,8.290120429719708417e-01,8.349950929689053947e-01
8.447615510045332066e-01,1.061923812529294686e+00,9.720138086582632564e-01,1.182697002360406868e+00,1.065298470718186508e+00,1.050608583647090644e+00,8.102173607475593453e-01,8.668815878666427110e-01,9.083549403751203233e-01,9.489103101062594803e-01,1.029538877405821173e+00,1.193815796005632368e+00,9.508967253436180211e-01,1.048859769810900344e+00,1.093834555237604533e+00,1.029320284230476279e+00,9.194699830440073995e-01,1.017791260567381784e+00,9.734152794295529709e-01,8.534045756234165392e-01
1.143096329407747191e+00,1.135269808698548211e+00,1.174177001637173312e+00,9.299156596743201053e-01,1.159356930015947418e+00,9.867435859293750555e-01,1.071471169230999276e+00,1.159986360581476195e+00,8.783038399084059922e-01,8.559376380016272545e-01,1.028377735929764780e+00,8.163137518499027356e-01,9.742995734930887108e-01,1.152502449925236983e+00,9.016803976989840042e-01,9.809833725103950242e-01,8.585432448795016214e-01,9.343926805448625750e-01,9.329994878475758036e-01,9.993553519026606713e-01
8.137936870127201461e-01,9.629131894826379323e-01,1.013473348344525071e+00,1.029363473121403638e+00,1.131259675291601097e+00,1.029599477817689346e+00,1.088148528893994937e+00,9.773680914513693807e-01,1.055537382606832164e+00,9.414019797393122779e-01,8.657407414592221961e-01,1.014259103619437719e+00,1.020042487032173151e+00,8.680775606795216870e-01,8.392816211685570904e-01,9.041489500119367362e-01,9.690448692580793111e-01,1.134242072161067982e+00,8.833691559359642120e-01,8.538347233952831017e-01
1.004509441412015702e+00,9.540330098882545684e-01,1.195579964530209871e+00,8.078988294758965294e-01,9.811913250718656831e-01,1.085334215291898108e+00,1.106670646903963551e+00,1.049171465078149179e+00,9.071672656811254898e-01,1.127812597484056045e+00,1.160038288426077591e+00,1.085934323483833452e+00,1.015410453724884254e+00,9.148792334848659946e-01,9.031091778588308250e-01,1.062824756640742718e+00,1.109267349021510141e+00,1.162533085878584949e+00,8.740525890240345985e-01,1.087428435773522217e+00
1.165160201971636278e+00,1.084582970057624163e+00,1.016573625943554937e+00,1.058996682904018050e+00,9.101755750733270256e-01,8.878108301849778616e-01,1.118997048537990757e+00,1.184788600420781046e+00,9.927893549716062527e-01,1.067379959701658443e+00,1.092941484477825576e+00,8.535308972843685948e-01,1.005579317424544650e+00,9.754331950532463269e-01,9.752723357343375810e-01,9.901661544981523733e-01,9.473912597973934702e-01,8.823472967677669088e-01,9.957682459338693670e-01,1.141461842579338137e+00
9.945355422336948914e-01,1.090526460575592438e+00,8.182878481781757918e-01,9.145152551286537257e-01,9.726543599686803265e-01,8.232854055909359925e-01,8.253056965418887891e-01,1.048471438919024834e+00,1.039356775144699041e+00,1.087744903104392868e+00,1.170926161722723347e+00,1.045050644560652220e+00,1.172556539316513602e+00,8.011977689804880010e-01,1.079806200677994710e+00,1.093370044655801676e+00,1.110012423558721428e+00,8.652198521291394329e-01,8.598815913010432466e-01,9.858562343990233678e-01
8.153773646451429880e-01,1.115947704393187134e+00,8.251829251321818326e-01,1.032350407796958081e+00,9.128886243931829680e-01,9.852299274709577226e-01,1.132025725880015488e+00,1.131631486448831048e+00,1.140086490065598035e+00,1.022018599418566653e+00,1.193228645258602505e+00,1.105066384635235988e+00,8.489602315415252232e-01,9.826417346663138819e-01,1.013756182236364323e+00,9.952338669865778975e-01,8.848024300565467959e-01,8.991905757662070897e-01,1.093354944291243580e+00,1.094743062880114026e+00
9.159473440149391577e-01,1.109411868976811988e+00,1.146235841871824590e+00,9.362810562793962843e-01,8.097834886459364112e-01,1.164833628967260504e+00,1.141869365513282553e+00,9.930144642247686892e-01,1.067893425906559557e+00,9.216354529686909824e-01,8.624184509302670332e-01,1.100379103684871573e+00,1.065938253935324820e+00,8.358510726583474604e-01,1.148295570018711187e+00,1.015932619920375535e+00,1.087910061027964170e+00,1.096802752780370316e+00,9.718755283713343962e-01,9.443634295361169606e-01
8.081639084222000946e-01,1.184321894944966758e+00,1.041634146800152649e+00,8.113108262241478519e-01,8.543071063938895149e-01,8.924164245023330500e-01,1.127262334816679701e+00,1.150250390849723470e+00,9.734401793380906831e-01,1.147247878929358311e+00,8.189289765367916418e-01,9.926906869851187531e-01,1.128805856908926319e+00,9.803575755835910455e-01,9.706433980975441855e-01,8.079486277689651441e-01,9.581514597564673164e-01,1.181890451924847873e+00,1.148375642617978309e+00,1.159363605678630504e+00
1.050651278251717446e+00,1.085596382108710900e+00,9.568568267439543362e-01,1.150182874611036521e+00,1.017488033766388744e+00,1.072495589298276597e+00,8.709680052141441919e-01,1.141791657350277767e+00,9.701177140071999272e-01,1.111178102118933753e+00,8.018934744342356424e-01,1.050065090740594620e+00,9.972161079407131368e-01,1.110559772415499191e+00,8.953531391969603570e-01,9.197351179277357680e-01,1.109164123515062883e+00,1.072980115221475517e+00,8.521593782964570485e-01,1.125076039067537836e+00
9.296638012684411700e-01,8.353147453938593037e-01,1.123914526372745248e+00,9.923815692717636860e-01,1.051616492599580788e+00,1.057687811613218676e+00,8.798682782482716291e-01,8.366570955357687245e-01,1.061687685055361818e+00,1.082044039248871492e+00,8.529092127469456441e-01,9.899108297182304117e-01,9.420809609691929154e-01,1.115059935103903221e+00,1.153883941565191584e+00,8.565135668640111444e-01,9.881769770412722753e-01,1.197974282118813072e+00,8.992995219293624665e-01,1.153628511918911359e+00
1.019445427477701616e+00,8.279475004375232983e-01,1.118765873439713898e+00,9.783280256357695936e-01,1.085729779191757727e+00,1.180537028556711832e+00,1.082349957026295995e+00,8.476435276381352191e-01,1.145362451846198448e+00,1.032467261469685482e+00,8.277999877366578607e-01,1.177976435462753102e+00,8.510465003783554971e-01,9.670484919599121598e-01,1.145709455438844948e+00,8.919578568414942010e-01,9.509084319273254371e-01,1.149934491338145959e+00,9.774204105497257267e-01,8.089174047688142410e-01
9.049919926779795842e-01,9.202878435700964088e-01,9.140953061224607046e-01,1.083353603273678800e+00,8.306530281077565414e-01,8.475312812665500850e-01,1.136466662721548948e+00,8.094884325292136529e-01,1.123491166089591875e+00,1.112193775018091912e+00,1.095307002542037056e+00,1.194451887761050601e+00,8.641754571721131928e-01,9.552902437961356963e-01,9.024559243433020184e-01,1.054778856706408696e+00,1.023371600700307527e+00,1.008229363751674823e+00,1.115617552763878972e+00,8.960393805815934920e-01
9.391890348155194079e-01,9.396167856779329419e-01,1.049200161545311261e+00,1.058895678135443053e+00,1.058882305676879909e+00,1.007934115604948166e+00,1.012300807925496260e+00,9.371266464160169507e-01,9.965040211059755793e-01,1.117417382726883179e+00,9.338186918228804645e-01,8.817555205934188844e-01,1.002052263946792587e+00,9.247416425527448247e-01,1.133966910678269047e+00,1.160073647189550972e+00,1.155871078693482712e+00,9.937415397464661737e-01,9.856125098087245018e-01,9.175850706615389374e-01
1.150123120639950258e+00,1.008420145416359492e+00,1.133697968543579071e+00,1.056044055706834239e+00,8.373130961737345057e-01,9.954518512759853444e-01,1.106487767381775900e+00,1.127692013325610310e+00,1.110015806545131101e+00,9.220162077667932721e-01,1.164317553867904032e+00,9.864564906456698701e-01,9.343139002354845513e-01,9.553346429679088203e-01,8.929956491536924501e-01,1.007652476041763334e+00,9.720951419148946560e-01,1.122107564355405263e+00,9.659668120847216821e-01,9.401564363086862830e-01
1.135253418840814099e+00,1.172145768755411543e+00,1.078960464268176489e+00,1.131243207220951952e+00,8.696005262590875695e-01,9.302030633236666457e-01,1.094134154033446382e+00,1.085441804501137142e+00,9.598455477045225726e-01,9.077338594871606769e-01,1.141123269019805875e+00,9.335278333617125224e-01,9.685305220504587531e-01,1.076019403032379085e+00,9.727119286254166663e-01,1.106967663777199906e+00,9.501581765818789549e-01,9.427246263589881270e-01,9.618007192367744596e-01,1.182680712513868082e+00
1.094887343287545001e+00,9.346350375748530004e-01,8.711872934805190427e-01,8.292861867453821256e-01,8.645617036650204978e-01,1.130124144045896006e+00,1.068122498305694057e+00,1.024971156269557815e+00,9.453764466788865395e-01,9.726466819465998670e-01,1.181455270508977584e+00,8.024184531573183010e-01,1.167075973515073528e+00,1.191599385267175792e+00,9.644130429565771490e-01,9.773825748521473011e-01,8.411358670329857068e-01,1.099605840952956326e+00,1.121236231731032262e+00,8.388834222132615093e-01
9.822512418570384929e-01,8.333331205428994304e-01,8.364303564785500189e-01,9.610391895117020855e-01,8.427093228965291116e-01,1.054208555798327396e+00,8.248457697550638512e-01,8.588715194219311844e-01,1.138641370703680877e+00,9.049514545666079712e-01,1.095002129165535409e+00,9.707309064078240013e-01,1.073190641714483640e+00,1.084140849706691334e+00,1.008504360245302323e+00,1.084398655491784824e+00,9.263559638343058511e-01,1.151841789966844942e+00,1.077937052596351419e+00,8.836201065379177821e-01
9.217735920683097772e-01,1.071474367423054019e+00,1.050397341795213713e+00,8.891781812750313430e-01,1.089160887598275673e+00,1.190628554248438498e+00,1.091381675148275221e+00,9.730738988811246104e-01,8.258077617019481398e-01,1.041913456792809001e+00,1.052867803765181964e+00,9.445434543760760082e-01,1.053027589177838674e+00,1.074287452928954112e+00,1.130195999503458504e+00,9.912669377589838904e-01,1.087276711380388505e+00,8.196443960155730402e-01,9.271201985557736558e-01,1.000583787095855826e+00
8.235371972773609661e-01,9.920908231744853811e-01,8.562887617190727552e-01,1.021703484674347129e+00,1.006960708594250908e+00,1.166865695078269205e+00,1.036417108929831965e+00,9.319300607976540585e-01,9.406322514760929732e-01,1.137829731698994040e+00,1.124322870789230544e+00,1.196712160716416617e+00,8.385899105230105732e-01,1.195547263515635006e+00,9.884438794339956980e-01,9.713937518045032693e-01,1.096113660192276296e+00,8.508924163510285243e-01,9.591714785847724745e-01,1.140106812915651746e+00
9.752032506741123985e-01,1.148177354983637377e+00,9.642636201155101450e-01,8.767532115886029764e-01,1.100232025852676321e+00,1.197072944850392506e+00,1.078857364298374533e+00,9.304838000838928647e-01,1.091037975061992293e+00,1.112869832510092749e+00,8.640252469452249784e-01,8.229973442271404371e-01,9.473655466025802108e-01,1.142234962719316682e+00,1.057495245706229881e+00,1.106259869118890515e+00,9.667558874565199689e-01,8.063461710319116404e-01,9.694820153601849677e-01,9.487864400643988283e-01
8.527976307735859463e-01,1.038960299640130591e+00,8.748577335874938576e-01,1.014128254448075861e+00,1.059097593418346417e+00,1.116208848145639365e+00,8.254674596097839601e-01,9.545895288181396321e-01,8.322210348608494179e-01,8.732657461149089251e-01,8.171502958777453474e-01,8.158144669251510273e-01,8.141125306455858635e-01,9.468938310261170166e-01,1.118928079574293299e+00,1.043339990765047576e+00,1.102319539830781014e+00,1.098213145301403681e+00,1.056573086887801605e+00,1.188389755823003657e+00
1.147855338225682198e+00,8.321829353739813584e-01,1.072409003491655133e+00,1.068459615914034933e+00,1.009778867610482633e+00,1.020294437151490152e+00,1.075295565444059243e+00,1.083598374902237538e+00,9.144129338383526484e-01,9.503939435716839412e-01,1.168954002858134888e+00,1.072896542660364050e+00,8.701740414991856465e-01,1.130157392004526251e+00,8.426144485683518814e-01,1.117364739707405130e+00,9.883653602705132490e-01,1.057521302762039372e+00,8.369681009559699625e-01,9.774673671306695066e-01
8.892249122179033405e-01,1.112685969159187938e+00,1.006544683032643883e+00,1.080408000123620038e+00,1.007609800818312751e+00,9.310150691150731461e-01,1.031121489028347771e+00,9.148784150694028172e-01,1.128218687739621862e+00,1.173108599060227020e+00,9.180099304989356446e-01,1.045688556857652829e+00,9.458082951120820869e-01,1.150744251448525324e+00,9.020264784726633733e-01,1.033395187128760995e+00,1.079818443948020734e+00,1.008247370537936893e+00,9.617679611668435991e-01,8.306308869716991783e-01
9.505991695954498777e-01,1.163595387304647844e+00,1.075302275037553823e+00,9.248188767569257562e-01,9.776374545290649198e-01,1.025978860504921597e+00,1.070372986455106368e+00,9.543079388464608126e-01,8.651788233670238970e-01,8.760739693487115121e-01,9.293702720912315751e-01,9.318673827063352899e-01,8.116527199662789682e-01,8.681670775219739733e-01,9.214368661089896717e-01,1.021499244355648761e+00,8.308294238848361601e-01,1.102525465286079864e+00,9.707904881127304986e-01,1.099152284627744169e+00
1.023571745824254808e+00,1.177840485837749807e+00,9.122440093641788206e-01,9.363249719929661596e-01,8.826215753774163675e-01,9.800652803760109277e-01,1.054535486538203282e+00,8.148146746558220244e-01,8.437767639601418956e-01,9.888148895721108333e-01,1.069220491592365541e+00,1.050852915493873274e+00,9.953103058809110726e-01,9.661462358992440880e-01,1.151398125545846973e+00,1.107334781437409266e+00,8.274875190954118498e-01,8.812600033000230759e-01,1.008611913078672817e+00,1.052725357580011067e+00
9.796371700332132670e-01,9.807213638100380493e-01,8.122012066471450131e-01,1.043771701818913655e+00,1.181719704306126051e+00,1.065962468824108722e+00,9.888025835440608091e-01,9.934023278896029208e-01,9.644224104034725409e-01,1.188536740833654903e+00,1.087618631856632767e+00,1.161342411551157028e+00,1.064733036036786151e+00,8.568251149771214381e-01,9.677163774495788351e-01,1.018470826637184912e+00,8.221341641649884124e-01,8.761283290919713584e-01,9.572848125034469913e-01,1.004322283098983526e+00
9.992086276963445535e-01,1.105362194886581717e+00,1.067987371428359644e+00,8.433856737931915148e-01,9.812418595480190131e-01,9.037605728022969354e-01,8.689410444183540694e-01,8.168856228784788787e-01,1.151581922017882009e+00,1.004170883858289898e+00,8.504273922709896238e-01,1.096697119896935080e+00,1.159229854397190396e+00,1.011870307781485234e+00,8.831068753932990179e-01,9.387706006552059002e-01,1.108033225568488378e+00,9.200338156907125198e-01,8.813218249804106730e-01,9.494709236381047024e-01
9.722352970309258158e-01,8.436316876947381749e-01,9.264601376853103254e-01,1.057712168426514499e+00,8.583176481726787488e-01,8.848354921629042469e-01,1.179028740649082696e+00,1.079463755399568514e+00,1.074965412850782620e+00,1.167863931719197002e+00,8.168119893410301646e-01,1.009563830269241791e+00,1.017415693077549532e+00,1.090202002272996351e+00,1.186971468081210457e+00,8.043396799827661203e-01,1.158168142559480307e+00,1.001822512140392085e+00,8.730467392653047387e-01,1.065085210951976835e+00
1.183357021057410030e+00,9.814119505067701033e-01,1.010978171102280720e+00,1.123853547602417624e+00,1.015503408262094842e+00,1.097411689316519112e+00,1.100380068868491490e+00,1.186566671621625435e+00,8.539578757364654216e-01,8.648894128016476612e-01,1.080049102617715251e+00,9.192865455615090164e-01,1.106891250051866837e+00,9.027559542787696456e-01,9.135340714960257236e-01,8.226235132375440129e-01,9.910255936018783629e-01,9.005637607445352577e-01,9.957548600029106911e-01,9.209168012070002574e-01
8.650481661321099969e-01,1.067009212867631396e+00,8.694385331524755456e-01,1.008956467200449181e+00,1.003113933558812398e+00,1.036736551227434466e+00,1.152036023170548207e+00,1.078835735785832028e+00,1.077958356207046275e+00,9.931090112887003274e-01,9.210582577839057095e-01,1.183672245387302757e+00,1.186630771378836435e+00,9.290169758197784899e-01,1.063140920988112637e+00,8.477673371399497837e-01,1.008635785039430299e+00,1.049180239272502480e+00,9.486515034191447260e-01,9.151911540392462241e-01
8.486760688669469088e-01,8.863798448917100670e-01,1.147640827166607869e+00,1.170126101719282330e+00,9.882220933903611559e-01,1.016532747949213000e+00,1.176795078293917829e+00,1.180661143453558548e+00,1.162557197225791761e+00,1.173875566556248584e+00,1.073029332215043485e+00,9.446539382127335793e-01,1.178433127390667856e+00,1.085892391323688866e+00,1.033168849833736580e+00,8.675170522971349385e-01,8.754470034403525336e-01,9.182388516645234589e-01,9.143997314783811614e-01,8.876291681997426908e-01
8.739075999324837918e-01,1.139509866470739485e+00,9.270573595915949650e-01,8.120095455258974360e-01,1.094641545787022663e+00,8.306364176359477547e-01,9.000320344204670864e-01,1.119989944929010939e+00,8.669828780212744945e-01,9.190512631745272332e-01,9.014004580851333603e-01,8.656155441795088112e-01,1.182786682469262107e+00,8.768314090788479342e-01,9.653871563108520348e-01,1.147598094000997326e+00,8.425602401854671575e-01,1.117099239782519016e+00,8.648897872893603900e-01,8.847734529892956612e-01
8.982904944061567143e-01,8.854247412280989993e-01,1.043637647947989411e+00,9.443850036855786501e-01,1.037947238326105026e+00,9.906393544769692694e-01,9.656191543159667878e-01,1.064106725605246107e+00,9.364403961478214855e-01,1.144810384898365063e+00,1.001128035755778800e+00,1.152457459618145608e+00,1.021980477763925643e+00,1.186609394591369382e+00,9.344436427144069413e-01,1.154542261688364269e+00,1.095401402905842314e+00,1.114313179957966193e+00,9.740997781601737904e-01,1.139059320583040602e+00
9.537661186388221024e-01,1.076773561720230976e+00,1.196556433263274100e+00,9.979032083838619283e-01,1.047573561906334216e+00,1.162979288994662408e+00,1.018754150466061770e+00,1.108344651764747280e+00,1.026946886155577943e+00,8.697698669119913184e-01,1.183177495548261682e+00,1.090838842988889557e+00,9.882949404900996937e-01,1.115667792941305247e+00,9.262554835849158286e-01,9.249655469082186388e-01,8.377214698202157805e-01,1.048484832305301984e+00,1.148912191409337202e+00,9.708232501473070819e-01
9.611467296646730718e-01,9.549880137660254897e-01,8.021867490301970438e-01,9.045313372485578318e-01,9.544465142785384382e-01,9.580310468571484606e-01,1.035619988425483751e+00,8.738051243786176814e-01,1.006374102176626595e+00,1.077655073905918082e+00,1.021996231035939617e+00,1.043861831112587790e+00,8.914075672134490480e-01,9.163356722298670043e-01,1.179625291111544350e+00,9.235544904196369975e-01,9.861284804920541491e-01,9.874096975299526679e-01,1.049479143757591881e+00,8.167973632457296018e-01
9.692903038832547669e-01,9.672106049388230486e-01,9.505222372009725085e-01,9.448268630969315351e-01,8.276275886594207654e-01,8.627688063551294251e-01,1.144881101270313284e+00,1.193622268772956962e+00,1.102854297715120779e+00,1.054005345788948667e+00,1.147271131866635985e+00,8.531567867879630285e-01,1.198937185505113856e+00,9.398684190264190441e-01,8.198526878680509888e-01,9.590047302511998106e-01,1.198424248421029681e+00,1.106143845053648933e+00,1.130185664475474860e+00,1.121788625875754564e+00
8.815954503707845724e-01,9.284897505872864443e-01,1.008433778168986050e+00,8.943412233114842458e-01,1.178715423472638690e+00,8.132183747737041779e-01,1.039931480931049812e+00,8.147353851835092975e-01,8.548305365027198954e-01,8.798844182709950612e-01,1.004440260056379319e+00,8.781852806853436277e-01,1.072188597891267303e+00,1.162424568161505301e+00,9.095001626877843304e-01,9.913211536255834844e-01,1.133604844483410590e+00,8.295524845069801589e-01,1.077460227165294437e+00,1.069326955107193555e+00
1.011003801044079164e+00,1.056404687469707726e+00,1.015700942708631871e+00,1.112241722249446507e+00,1.160656395663819396e+00,1.086155476106418272e+00,8.735580861099508931e-01,8.175350763527325926e-01,9.095028596068386317e-01,9.399308474857178686e-01,8.634170951043085296e-01,1.109851963121092133e+00,8.964820749744715211e-01,8.242978885278179346e-01,1.017223891124046764e+00,8.358649032071907570e-01,1.055292763419393598e+00,1.129498923705182456e+00,1.187919629069800198e+00,1.130439495364590208e+00
1.043698512244629839e+00,8.699078187961024611e-01,8.706304674431618595e-01,1.014616590034971955e+00,1.080019895457354329e+00,1.111373313173064759e+00,8.975072439139010205e-01,9.872416249497015794e-01,8.728347224052689368e-01,9.838797332188821132e-01,9.398833566349490409e-01,1.109622962384886558e+00,1.061348126878543408e+00,1.026350669484960676e+00,1.197784602019037248e+00,1.048951313454745460e+00,1.128590068729013796e+00,9.258463764927109541e-01,1.028287898609394402e+00,1.102402274172005647e+00
8.433774969513126996e-01,8.675378912231800355e-01,8.319494937418304703e-01,1.188244032550296536e+00,8.201322253246814409e-01,9.829131426913240155e-01,9.456179988987019058e-01,9.368701421082573644e-01,1.126401290866992921e+00,1.071290492148362583e+00,1.114665087714467040e+00,8.562770996812303359e-01,9.842017753871421526e-01,1.061052169831319780e+00,9.335680255945431050e-01,1.189527537373140431e+00,8.765361527035551159e-01,9.260480702606331826e-01,8.651411325069917613e-01,9.161416777787643184e-01
1.145018919302010607e+00,1.023155056435786081e+00,9.175733606936627984e-01,9.614282907846145587e-01,8.040570257587652536e-01,8.116987358995604307e-01,8.755976481055114391e-01,8.452350279493263674e-01,8.933050454623664427e-01,1.058342713016471093e+00,9.448087339227153603e-01,8.431099829588168948e-01,1.093617038087728810e+00,9.213140958452095131e-01,8.683455361338705547e-01,9.706235494479423798e-01,9.706064270614184197e-01,1.085119883972712973e+00,9.474728579586187971e-01,8.229721517847526924e-01
9.284007792041012452e-01,9.214394120515565501e-01,8.861022665633671025e-01,9.193184978834751941e-01,1.139197336037871988e+00,1.077251357158485412e+00,1.108129118740007302e+00,8.534117403510288469e-01,1.066650985624287618e+00,8.648728215574502665e-01,9.808486028168301729e-01,1.023186863121988477e+00,9.491532938252198459e-01,9.527483274297766647e-01,9.758214514255222349e-01,8.999596322150539285e-01,1.154535486825738255e+00,8.960652252785464844e-01,1.142030111709799955e+00,8.287627687990519743e-01
1.110077074015536347e+00,1.153920503356460125e+00,8.558804338036245518e-01,9.660052822025606556e-01,1.197658106087733820e+00,1.189019221672874327e+00,9.955572115134478928e-01,1.141458967231735677e+00,1.106999977219047970e+00,8.335888927456117647e-01,9.231483229685673031e-01,8.764211670538168963e-01,8.774986047996835570e-01,9.674008715469286646e-01,1.119121117275675426e+00,9.186371135999303883e-01,1.020604675478613776e+00,9.162043774070968150e-01,9.530994008643292048e-01,9.193766888387815417e-01
9.427542033893512308e-01,9.846556667809422958e-01,8.205736055425130182e-01,1.172603515610612046e+00,1.110167727109201863e+00,1.179645480476265273e+00,8.476898815088496075e-01,8.082682232430447034e-01,9.619555984040842889e-01,1.163492329144141912e+00,8.395137815497309974e-01,1.116368722476407838e+00,8.209059688464097615e-01,1.192885084089958969e+00,1.148943111495009495e+00,1.138919696184077290e+00,9.579552290579742557e-01,1.160274288293788869e+00,8.088624314592409714e-01,1.006791198155319478e+00
1.041843916740731180e+00,1.071146462896260587e+00,9.927372424308179566e-01,1.061020358655976992e+00,1.042620148924506607e+00,8.150608736685566180e-01,1.154607925204495178e+00,8.254659855039712113e-01,1.106556008046228223e+00,1.158543258795414088e+00,8.213378855916001475e-01,1.007651143759251466e+00,1.171579265463070119e+00,8.065001791498300765e-01,8.336217649848552957e-01,1.176144729678345824e+00,1.050199256957963456e+00,8.043253755881344391e-01,1.155593205829623438e+00,1.172599862756326328e+00
9.920498555836572141e-01,1.178662314799590050e+00,1.057479788629143158e+00,1.079433336585927217e+00,1.177020879356326599e+00,8.039550803992303596e-01,8.169571035452531937e-01,9.168049992066539255e-01,8.766886530683430934e-01,9.522717189416167738e-01,1.039869323286910729e+00,8.817201559667192656e-01,1.104499182216781117e+00,1.197386844005476014e+00,9.272428202834359645e-01,1.113258435377798117e+00,9.911161317799139781e-01,8.811645318088341394e-01,1.178771262188649693e+00,9.752874374825702963e-01
1.021838708616752189e+00,9.537623618389287072e-01,1.100304073364839930e+00,1.096082703439060335e+00,9.595143312872922436e-01,1.099744989745488954e+00,9.807695945454332209e-01,1.054072830801353833e+00,1.172932576003627325e+00,1.187804611755988615e+00,9.454511618106158366e-01,1.064576032620182300e+00,9.783618901813853075e-01,1.089489329262240735e+00,1.002708986751025266e+00,1.156304047934981316e+00,8.563396253792110446e-01,1.122388607247972292e+00,1.076684915950117727e+00,9.577108941110320517e-01
1.047767618922197830e+00,8.537808862814375566e-01,8.903863137405230166e-01,1.134722930937921204e+00,8.105633988264859813e-01,8.696094511251823977e-01,1.134282789692622639e+00,9.889071907188484722e-01,1.165614997386064111e+00,1.160363135794160616e+00,8.921856019963098072e-01,1.101180684611399618e+00,8.080686898311617572e-01,1.193068662957629922e+00,1.073356333367323945e+00,1.041973537049617482e+00,8.231377403200160758e-01,8.321794347667925695e-01,8.713156066003412414e-01,1.127589095375212347e+00
9.731779767142350046e-01,1.042562371423392698e+00,8.400607474091854598e-01,9.109829741906898537e-01,1.199841489709658093e+00,8.346374145816856105e-01,1.132765175204172081e+00,9.403149160513843974e-01,1.029325259924604330e+00,1.094912828754623701e+00,1.014950465551764935e+00,9.831287164501985032e-01,8.080648727468613401e-01,1.085460388068050008e+00,1.075061018478058017e+00,8.747996947504829146e-01,1.146018629941540468e+00,1.148433789950695560e+00,1.074307157297563098e+00,1.147314226705602458e+00
1.056172106419336121e+00,1.070153610967185642e+00,9.765572531245929611e-01,8.958013085270462028e-01,9.168711113567359350e-01,1.140372416750999651e+00,9.850670166962552932e-01,1.073594854484451577e+00,1.181618097136042156e+00,8.202218376739989214e-01,8.389874172576936573e-01,1.070983205950586825e+00,8.176880183302217553e-01,1.070750076450056376e+00,9.929620231185953827e-01,1.066744844542277582e+00,9.687964044690838827e-01,9.342516192391266960e-01,8.357229254744801272e-01,9.107143633229152213e-01
1.046017853813088871e+00,1.057613509323998890e+00,1.149732819217386792e+00,1.005434803910398855e+00,1.178600152658233480e+00,1.102012756191412590e+00,1.090914114718827710e+00,8.201486414355032561e-01,8.847349147735946717e-01,1.070463902058192973e+00,9.990024907524678310e-01,8.045232254629428592e-01,1.136715145995704335e+00,8.811912882796844038e-01,8.118696987938863741e-01,1.058624314574558190e+00,8.820170887762096568e-01,9.598529544151587212e-01,8.797459563211145195e-01,9.058506524472733634e-01
8.087791361599240281e-01,1.164012767512685897e+00,1.084490239509754206e+00,9.745802428503197445e-01,1.100092311872318929e+00,1.150557899972779241e+00,9.062546876114774275e-01,1.103374153608948527e+00,1.124548641174645924e+00,1.199396739944611490e+00,1.037307504034792549e+00,9.496272648552960272e-01,1.060805716936201071e+00,8.702990691729372008e-01,8.100328338921910509e-01,8.098424136558932673e-01,1.178438065193312179e+00,9.644942595359875526e-01,8.511939747323624683e-01,1.020357806122653255e+00
9.966784377544165574e-01,9.234824589945652695e-01,1.092971250015845053e+00,1.145623613272674923e+00,9.473375515855994022e-01,1.000592786548777813e+00,8.351062688968338144e-01,8.153348671103620715e-01,8.519603838646914173e-01,8.233501012012048870e-01,8.874455461144068469e-01,9.355645230620617259e-01,8.029406750224804545e-01,1.039241472030816515e+00,9.633664882309559419e-01,9.088709889447627033e-01,1.092204325289214850e+00,8.599478641254560962e-01,8.165146220593940685e-01,1.138868993587991874e+00
1.161641948113685485e+00,1.001382614862182052e+00,1.054985769968871612e+00,1.041500741949739295e+00,1.130926275405645054e+00,1.024453310615444313e+00,9.918791399342221649e-01,9.394608456096646965e-01,9.250525673606894150e-01,1.158419657297580230e+00,9.015787380306502508e-01,1.099053122598320886e+00,9.325394797985833151e-01,1.063503258639361126e+00,1.184529253536944493e+00,8.451784052125844715e-01,9.206550085074097778e-01,1.192751796602879555e+00,9.799241212341968099e-01,8.700226066919806156e-01
8.325407103534216979e-01,1.039480642127784016e+00,1.062511414654739639e+00,1.067560191608274867e+00,9.994762862713778562e-01,9.419000680192399777e-01,8.333373567883615163e-01,1.011480028419418309e+00,1.160595896927720805e+00,1.024002361896607871e+00,8.852570002456381371e-01,1.019202361089683873e+00,8.442431703896710049e-01,8.075655988715357836e-01,1.057461927726434103e+00,1.031644458179681090e+00,8.521985468025330412e-01,9.466929234843021179e-01,8.096448529679843853e-01,1.077672517430056320e+00
9.163533287986499465e-01,1.010715455644964900e+00,1.041391380012893109e+00,1.140626134917972490e+00,1.171440706891994532e+00,9.070396026400351364e-01,1.164289828592702580e+00,1.017764974703685432e+00,1.147772295400808273e+00,9.877095143656160481e-01,1.074385217901451028e+00,1.042648037745105949e+00,1.113031872193068539e+00,9.644242229268419342e-01,9.999004645604934183e-01,8.040020666547733619e-01,8.451040582402837842e-01,8.750532604883771715e-01,8.194536186758785146e-01,8.234424812349225853e-01
9.246509870492014560e-01,1.161973855002313094e+00,9.883882902954642669e-01,8.323376318847323097e-01,1.135283501595353517e+00,9.023102197250040257e-01,8.153841420170191423e-01,1.011790462024594772e+00,1.079583756589578059e+00,8.498077738118949842e-01,9.582134321814219646e-01,8.527303586907922783e-01,1.095968952798762386e+00,1.191036536924655165e+00,1.035778106366887386e+00,1.059838307053514894e+00,1.137343056270555319e+00,1.196225156382609622e+00,9.346226263265143830e-01,1.196064331133039005e+00
1.029240410443742704e+00,1.130466577701862763e+00,8.091945700233436067e-01,8.555676440167474528e-01,1.092586763237319181e+00,1.074065833254325586e+00,1.162685414011963125e+00,8.978658296450977572e-01,8.779601088787311047e-01,9.340651915739933697e-01,9.586208545186747365e-01,1.069108216284519131e+00,1.149905394885590626e+00,9.806841326329417408e-01,1.151000341003612704e+00,9.069013694832596117e-01,1.125999675735388283e+00,8.668197402428206022e-01,1.064754810622432046e+00,1.016779826938679632e+00
1.123257233274733258e+00,1.042181200605745595e+00,8.866210686349318415e-01,9.557826439546256436e-01,8.663159721861051210e-01,1.073297418216970556e+00,1.020772201291093362e+00,1.085728882851239918e+00,1.108371717107360155e+00,1.160098350640002218e+00,1.003971073418801430e+00,1.151492412579171010e+00,8.988064608207909645e-01,1.158916566718551255e+00,1.121122779568514805e+00,9.850458576185195936e-01,8.738507080553304940e-01,9.626977018766587069e-01,8.481539367334528512e-01,9.114789131214671158e-01
9.702622255356636582e-01,9.974845941964504137e-01,1.120135818109245784e+00,9.572731195614275768e-01,8.041757015814314791e-01,8.941430772285224871e-01,1.013582945349515096e+00,1.176837625443268198e+00,8.139430035707445610e-01,1.192393129914343319e+00,8.977294657853746029e-01,1.000831834574338108e+00,8.953318348566182694e-01,1.143293060018542029e+00,1.152475762126576875e+00,9.551196513122521825e-01,9.256271652690790663e-01,8.778098600713514221e-01,8.610985921643482532e-01,9.172311014166244503e-01
1.033702418855024119e+00,8.719193337466024651e-01,1.191514872589061635e+00,1.107030611323792657e+00,1.133975323655853407e+00,8.429442118880827728e-01,9.638874721090318065e-01,1.050173309101197328e+00,1.162030119264115813e+00,9.027824218909298315e-01,8.629246608866308899e-01,8.775544799401620022e-01,1.102678773002153445e+00,9.327953745007613318e-01,8.608979484325461895e-01,1.164948800312471500e+00,8.605614385061834959e-01,9.994658180860855889e-01,1.024024400340709962e+00,1.065949095305727568e+00
1.199493778660566168e+00,1.020259281119751948e+00,9.812575553821643037e-01,9.190054063406307705e-01,1.087743742250666390e+00,1.189115857455878666e+00,1.085413000433302244e+00,1.056579799735517078e+00,8.776778409838186246e-01,1.064127382033484448e+00,1.135208831612446900e+00,1.154277244893030296e+00,1.044340336401098357e+00,9.921384646241014904e-01,1.042642694987699903e+00,1.195688204222739914e+00,1.069778055306355613e+00,1.063186394903115950e+00,1.063147351860688650e+00,1.052801038820197599e+00
9.821298393930907311e-01,1.148475673828782240e+00,9.658429471898635210e-01,1.002214343431137245e+00,8.092442441479920090e-01,9.322757972699891038e-01,1.063867503187759800e+00,1.063187489504589189e+00,1.069067389929693634e+00,8.990986614914930897e-01,8.090560536849120687e-01,1.099609626964344500e+00,8.949911059790324197e-01,1.059638611448551648e+00,9.614684720557846731e-01,1.054850175063886786e+00,1.052686784419423649e+00,1.064657031853473157e+00,1.129489280199502232e+00,1.115615126003535185e+00
9.943172297725751951e-01,9.980817114014007840e-01,1.159341065504260637e+00,1.014043973380041708e+00,1.062655259737385061e+00,1.041783834541370357e+00,9.420503359279466249e-01,1.101035564480220330e+00,8.962833432124793775e-01,8.785663018749249042e-01,1.193055454239341673e+00,9.772605537445400170e-01,1.150669531797898992e+00,1.199890870687482014e+00,1.037773000600629381e+00,9.052840356696851831e-01,9.651132739021046625e-01,9.662845624322403681e-01,1.157545642023050325e+00,1.143959636053290208e+00
1.117138989011899231e+00,1.173823013575081564e+00,1.057898706943676270e+00,1.054770560313221139e+00,9.807493734949762620e-01,8.198073986834406579e-01,8.683268643803698783e-01,9.734773457288149467e-01,9.837561312970533045e-01,1.001078345151696913e+00,1.068560669852245626e+00,1.142687006582127962e+00,9.517596132351031635e-01,1.027770363404271414e+00,1.066782693937716076e+00,1.092072665496774730e+00,8.283436077912709194e-01,1.133272688278582407e+00,1.096112072338453869e+00,8.443897282469372545e-01
1.080404497991655388e+00,9.570268601994738056e-01,1.136992175689760298e+00,1.175938338449868947e+00,8.857315458650959483e-01,8.694890191227030440e-01,1.128336847517674046e+00,9.169498450962251246e-01,1.180289528513633890e+00,8.755681479997846628e-01,1.168422132112315603e+00,8.544034505058775153e-01,8.038139374876925869e-01,1.174042938195184904e+00,8.577469742663342833e-01,8.428449323487874345e-01,1.040602174421445314e+00,9.483820914008824765e-01,8.790278168289811234e-01,8.416489299400020663e-01
1.048600608269429690e+00,1.105158530636329406e+00,1.094320008920106613e+00,8.205420296015092374e-01,9.171606336973133766e-01,1.001316567960721660e+00,1.163759147009218564e+00,8.984369546636681303e-01,1.107227123418049519e+00,9.642332215558370168e-01,1.053925678902266627e+00,9.260657734650037387e-01,8.635045307302704476e-01,1.012711297941026212e+00,8.011642218632764045e-01,1.011832724185154353e+00,9.866580129020672274e-01,9.919286981687147620e-01,1.128789826808943575e+00,9.589231008478492635e-01
1.199985335596614355e+00,1.183787351016336142e+00,1.191947658426552703e+00,8.463238123425111947e-01,1.171671784014435946e+00,1.141931297967149206e+00,1.015761217337331601e+00,1.054736574605986910e+00,1.171586251892383190e+00,9.647971419743739396e-01,8.304534788531636735e-01,1.152184072989843600e+00,8.776098172272805975e-01,9.981918557929048141e-01,1.069538896335191280e+00,1.068776034307494571e+00,8.830930544918484948e-01,1.059577853409400916e+00,1.073827464784514962e+00,1.120797430313559273e+00
1.177853991164113046e+00,8.059745769035054908e-01,9.364608729963266320e-01,9.798905568940178279e-01,9.122999021403481734e-01,8.643708200212233406e-01,9.812539884289976921e-01,8.500105583631856199e-01,1.152959272415079006e+00,1.146502483524742599e+00,1.191017044494664390e+00,9.304077110155379859e-01,8.957968628411616674e-01,9.149374309037044961e-01,9.753163989823725455e-01,1.074457887328613470e+00,1.156910528560471496e+00,8.519873007617304594e-01,1.002615018861203300e+00,1.102334344174181302e+00
1.151798693514076710e+00,1.174873998067549108e+00,9.917171053641503642e-01,1.122257786640283639e+00,1.130119128360812075e+00,1.156173453656223593e+00,9.146343239687624305e-01,1.123421810070084126e+00,1.032671724472099761e+00,1.044007573411976697e+00,9.995424692695857871e-01,1.036458192860470362e+00,9.706512808475877829e-01,8.927978512150319679e-01,1.074613455452082533e+00,9.252790706816158561e-01,1.014541664451690917e+00,8.392973836418828881e-01,8.459114227007593634e-01,1.024913758218515714e+00
1.178628717536581494e+00,1.015514970974113362e+00,9.260016600406106857e-01,9.201436604398828267e-01,1.179744271446521608e+00,1.103935747475320417e+00,9.244039641366791349e-01,9.227725361348909638e-01,9.419113040040902884e-01,1.127516682880774557e+00,8.796891090639196165e-01,8.502613260506370896e-01,9.266415620969186140e-01,1.011955589822371548e+00,1.092271641128480963e+00,1.120062067711887543e+00,1.041320936892154325e+00,9.725039144589604501e-01,9.611185385452694074e-01,1.112853634579275885e+00
1.041965295113943757e+00,1.055127185641384413e+00,8.811398732222764929e-01,1.098566020768436680e+00,9.834301569781618291e-01,9.973473198279032559e-01,8.780242348561867471e-01,9.559836794028145901e-01,9.025386595740858553e-01,9.508850284637863082e-01,9.089435530278823228e-01,8.659893489616631301e-01,1.072688272409641597e+00,9.812154184016450564e-01,8.531207620017295934e-01,9.654250817848676336e-01,8.762072629587847050e-01,1.126572305995408474e+00,8.782770253823577455e-01,9.789586951078859123e-01
9.041665798213005534e-01,1.014929746236092889e+00,8.190743928297166132e-01,9.838330864431477085e-01,8.577183734090494394e-01,9.524302721717542441e-01,8.243249363927225293e-01,1.193206001983951436e+00,1.128444990271888937e+00,1.091758535571443867e+00,1.027748315856603201e+00,1.061999509469433001e+00,9.043800924583113021e-01,1.022557719398255349e+00,9.305821054615448507e-01,1.044395538234135667e+00,1.138471466466509874e+00,9.164840953916932875e-01,8.046961692415306455e-01,8.828369183335084136e-01
9.705164224928753969e-01,1.017387512971885011e+00,9.478175839928438817e-01,9.588965587181271788e-01,1.081946755752145384e+00,8.021782316163819093e-01,9.680579868875121008e-01,1.092555435612975856e+00,1.055942997545474382e+00,9.966547559595823058e-01,8.324234960158579666e-01,9.578851868182535201e-01,1.117337852918336871e+00,8.386963181257677258e-01,1.037227223782286156e+00,1.038756107190341282e+00,1.020077658739215076e+00,9.635941349982455328e-01,1.155656192351962819e+00,9.189512758490602229e-01
8.181243778858027227e-01,1.075237396759599173e+00,9.859249457321584975e-01,8.774636541955751490e-01,1.009432015875393107e+00,9.284933488561886161e-01,8.910616220249472086e-01,1.108495658925266358e+00,8.206734597269517151e-01,8.364452212905391093e-01,1.048572075484811350e+00,9.201913639103507236e-01,9.180072121099408511e-01,8.587381010565422468e-01,8.041226778893739713e-01,8.578313524328051720e-01,1.040104433508628912e+00,9.046471483612070763e-01,1.168640401465947054e+00,1.065647257140841742e+00
1.001042227413506680e+00,1.120983694524315677e+00,1.194092985059633349e+00,1.141062227203874180e+00,8.535610177557884093e-01,1.007116798173299799e+00,1.171453185078370707e+00,1.027578202286647091e+00,1.199181315259395975e+00,1.003059033555066426e+00,1.105472326167266983e+00,1.105721220730672583e+00,1.093157446123527166e+00,1.158016298677969624e+00,9.808528674469476627e-01,8.683180498637393940e-01,1.067837849159215979e+00,1.074437062032068457e+00,9.263336826640418131e-01,8.311781124691230982e-01
1.059011929462279511e+00,1.129020340195745709e+00,9.262007939377412402e-01,1.173726702341919781e+00,1.061887842357219780e+00,1.085423899429989403e+00,1.142126379196576114e+00,1.149575287714535321e+00,1.094011906690123048e+00,1.112008670704762059e+00,9.002993764525309972e-01,1.153410530460051264e+00,1.128625308365761359e+00,9.644120457113991574e-01,9.943773370479784823e-01,1.110944642636448876e+00,1.185629531608222820e+00,1.100186655075925835e+00,9.773294878011172804e-01,8.618114723473463412e-01
9.279402596545214266e-01,8.213982738180031218e-01,1.040184677243478184e+00,1.135046917459686888e+00,1.083351223509532835e+00,1.164288295546314078e+00,8.458134139250910177e-01,1.124058947014988430e+00,1.182364890176738070e+00,1.149312890280740795e+00,8.692536694990439239e-01,8.081258154679809014e-01,1.128601679641738631e+00,9.497016429075235688e-01,1.174665002603860087e+00,9.943700007700740917e-01,1.129823301359748067e+00,1.127740958919052572e+00,8.517088034959774401e-01,8.820549092906811994e-01
1.085665963580312088e+00,1.026955354018353805e+00,1.187384856704779779e+00,9.263646858053550259e-01,9.172014283153691050e-01,9.076089556155466642e-01,8.509429189457580200e-01,8.925498769729182102e-01,1.180121285591325897e+00,1.173034921942139652e+00,8.694919180080660226e-01,8.146748788337925262e-01,1.133174116236013163e+00,8.040656301850476195e-01,1.078961291709377601e+00,1.011981295358683752e+00,1.198898072574829055e+00,8.130846717188846551e-01,1.055318606471792098e+00,8.156108644480241088e-01
8.626228109621036921e-01,1.015222387980094121e+00,1.142407462669372098e+00,1.141824353592456154e+00,9.075186279268432354e-01,9.659727199114986895e-01,1.026334508701484793e+00,8.153482346725182683e-01,1.175894578323493755e+00,1.059950556727488280e+00,1.045295453514340389e+00,1.168415168268767790e+00,1.104405961785206447e+00,8.890557058061229201e-01,8.158265771171655523e-01,9.591992406869740417e-01,8.837929890607252315e-01,8.638179467303876979e-01,8.202799985173785391e-01,9.330046600083059527e-01
8.457062561885710927e-01,1.136988320590428092e+00,8.841652394661666525e-01,1.178906086098837624e+00,9.682153242950063410e-01,9.992920288944433516e-01,1.127196810672116634e+00,9.012122055449681701e-01,9.263370899107151724e-01,1.107751569402106728e+00,1.168840498275152573e+00,1.120319720456102397e+00,1.142992618671494931e+00,8.781834996647398528e-01,1.094969211782508944e+00,8.513754445948042981e-01,1.182039466245278447e+00,1.131749239834087817e+00,1.098413559414498586e+00,8.693887048242990856e-01
9.099139791089116969e-01,8.596737745386193730e-01,1.122222047874193551e+00,8.298712890734387670e-01,1.060037408330437358e+00,1.177256844973849637e+00,8.787823631678132186e-01,9.754519408502345668e-01,1.024434320668683229e+00,8.296419364119786977e-01,9.862476484822706446e-01,9.283054018337584257e-01,1.184327459209522537e+00,8.116238128959611942e-01,8.039490666065040037e-01,9.330746402264116224e-01,1.192110396605572387e+00,1.004726012298156723e+00,1.182209516419368889e+00,9.133548703337922570e-01
1.087925806143015039e+00,9.190772440068298854e-01,9.140315259273721349e-01,1.197183336501981277e+00,8.569028008037663513e-01,1.165951291471080342e+00,8.044257213116290384e-01,8.781263545480432198e-01,1.075575326021878331e+00,9.183182808169382261e-01,9.793794498228470813e-01,1.007076076289879163e+00,1.050592757125845988e+00,9.657696273243250307e-01,9.593671964968516486e-01,8.979746855133778904e-01,1.190222726182716517e+00,1.194543865528886473e+00,1.095294157695307913e+00,8.245398892859303608e-01
1.000788943237937767e+00,1.035431290359366541e+00,1.000416612716856113e+00,1.071135668577020805e+00,1.087846563525499910e+00,1.020279463574399248e+00,8.843900254744246903e-01,1.061535596311625751e+00,1.032935311431290026e+00,8.347690831148352197e-01,9.987450951523630938e-01,1.040981892700107325e+00,9.230016896800335990e-01,9.991068348680698374e-01,9.914420120691468385e-01,1.163871900381504787e+00,8.287817015033267509e-01,1.000906181509834347e+00,1.137377342527438051e+00,8.639603158537272343e-01
9.889803303502902043e-01,9.251841991235534302e-01,8.326138058906686901e-01,9.565864088447098013e-01,8.125315923148138664e-01,1.032772260693944899e+00,8.090108620835564368e-01,9.562246259104341117e-01,8.505486566101958523e-01,1.073256096554185302e+00,8.891392349228813829e-01,1.154260512312518250e+00,1.142582902101872078e+00,9.406640548618590003e-01,1.158352511467939161e+00,9.256018392881363299e-01,1.156552884268390757e+00,9.186281940357744480e-01,1.121586900155831401e+00,9.295081922856243128e-01
1.008796267814269898e+00,1.151997020937285843e+00,9.999884226828839040e-01,1.053364990873848495e+00,1.136034376585821626e+00,8.731732424891717192e-01,9.320506274653959089e-01,9.998397452421726728e-01,1.147180503503006488e+00,1.096748290559200312e+00,8.437731429190408194e-01,9.920898417402772562e-01,1.086882283542768945e+00,9.170921328931544991e-01,1.033472444525869394e+00,8.258731501718838963e-01,1.130973520885618644e+00,1.014330839104154114e+00,1.029202231764312803e+00,8.630665808354953672e-01
1.024119573632162439e+00,8.419188844155818252e-01,9.811980795775299136e-01,9.146685014472318853e-01,1.138511279003957322e+00,1.041629796796391894e+00,1.028636967979424943e+00,8.709324010784030845e-01,8.118393395130032442e-01,9.740421247381761960e-01,9.977050209257805058e-01,1.176044318011136625e+00,1.103642993363155300e+00,1.120332016520227958e+00,9.311238613151066046e-01,1.055315177040886843e+00,8.923310615522017653e-01,1.140319727206839495e+00,1.061393382957229514e+00,9.304864396229768353e-01
9.081497048027072916e-01,1.086107160690374940e+00,8.367940466247907327e-01,1.061700074960999718e+00,8.131898292247100590e-01,9.326821903001697445e-01,9.893305941884974475e-01,1.192185552934006409e+00,9.513465995067414971e-01,9.409931194494709494e-01,1.072929902694405024e+00,8.851965064393814142e-01,9.332733954027480072e-01,1.172092248721951391e+00,1.155801372611070077e+00,1.010556321092652032e+00,1.031194032512798398e+00,1.111821186568554332e+00,8.956000066038277696e-01,8.644704162746875697e-01
9.397164636079980982e-01,8.988856365792072811e-01,8.892906168020854318e-01,8.090611448330338185e-01,1.127453499775054269e+00,9.955197509716399162e-01,9.633525655944014110e-01,9.064039572217548191e-01,1.004200219399571159e+00,1.170598247507366407e+00,9.736723714662451901e-01,1.128173488820700676e+00,9.862702688112042759e-01,1.020794241535303515e+00,9.167438070779867498e-01,1.094925949508617880e+00,1.194088160543142596e+00,8.424539952260799991e-01,8.465208549499206869e-01,9.706367380117195687e-01
8.018304640068211198e-01,8.363339410056613854e-01,9.366290248416950792e-01,8.813785494624968297e-01,8.139712515843171570e-01,8.062579336374965377e-01,8.263090255857444832e-01,8.227745578022839235e-01,8.201578076898345948e-01,1.038041038151808593e+00,1.130925220686262334e+00,1.109120817173063545e+00,8.400362521564264107e-01,8.428423868908482275e-01,1.129819450057876873e+00,8.144906205407655975e-01,9.467043168393173280e-01,1.078978501265569268e+00,1.028726254020478903e+00,1.173764158508410649e+00
1.089825234855504199e+00,1.155500299591432078e+00,1.161582878450660106e+00,1.117343445295730930e+00,9.209055185014830558e-01,9.793674933841804986e-01,1.029038712521443966e+00,9.192920294329520736e-01,1.170596427174935172e+00,8.329705426002487201e-01,1.051396763247044674e+00,1.105290113615986503e+00,9.501836854250811371e-01,8.235482964875332490e-01,9.004557746647060545e-01,1.196207023992525986e+00,9.561867518954277889e-01,1.074298194505566073e+00,1.099543887987013635e+00,8.920201312583249109e-01
9.717726037638607650e-01,8.752672667568784926e-01,1.187192441625805728e+00,8.069215707492096712e-01,8.821576378056633638e-01,9.477039409779922652e-01,9.478839161853999107e-01,1.197357746777021115e+00,1.116012792902649542e+00,1.093153847732489581e+00,8.289232056103545965e-01,9.982094146032922666e-01,1.171526224926631610e+00,1.142613646755322288e+00,9.478846304314669791e-01,8.477063838264198292e-01,9.607131482000619283e-01,1.089380860584947541e+00,8.529849556400250776e-01,1.042570308161688386e+00
1.019600709484039802e+00,1.023709471520687364e+00,1.038499297704389202e+00,1.102521052324854534e+00,8.424113466894548319e-01,8.424054143516156445e-01,9.362749364787539275e-01,1.012804135979689546e+00,1.077781431654946998e+00,1.109708076988443759e+00,8.578186679135021420e-01,8.563586221673107346e-01,1.102596298774629169e+00,8.336823525212979646e-01,1.074252985334606336e+00,8.709198970529834494e-01,8.006361867766651486e-01,1.197528295905065709e+00,1.026810444697432878e+00,1.095663268552118819e+00
1.121228079284963153e+00,1.144231552105024585e+00,9.835865518306592392e-01,1.167044715128546128e+00,1.195306894333729941e+00,1.089819384815707837e+00,9.656275087950201286e-01,1.138735337070865494e+00,1.170834083030969142e+00,1.023443939880244180e+00,9.969575585879522084e-01,1.011825638504917135e+00,1.097859999368456574e+00,1.198282217619825119e+00,8.242441776365569961e-01,8.824501638595724229e-01,1.065499442972926758e+00,9.006984755383683483e-01,8.375370359573428569e-01,9.060301501135658020e-01
1.012776808118024618e+00,8.288561793099822328e-01,1.127238952361196311e+00,9.877810037890524253e-01,1.105144983950505200e+00,1.061864947183132513e+00,1.078001660071893797e+00,1.129652901631281292e+00,1.022016352761036417e+00,9.926947567477377721e-01,9.267015134214571237e-01,8.224983709519346764e-01,1.188362745338120696e+00,8.963788137059369721e-01,1.132157406511963282e+00,1.074339287936379561e+00,9.509019576750401548e-01,9.642097018473629877e-01,8.283853750732523835e-01,1.179487205945031203e+00
1.056470459126237049e+00,9.380620492421675172e-01,9.461664039330930365e-01,1.038395523223994754e+00,8.963917448079111727e-01,1.187234332663418268e+00,1.008082763566672702e+00,1.135735108707254026e+00,8.432461083159957793e-01,9.338762520855272697e-01,1.090379424150411225e+00,1.025031961340035824e+00,9.947778003781011513e-01,8.445795556119052305e-01,1.078032482633374922e+00,1.141367205451920164e+00,1.114736186762970593e+00,1.014177118401951239e+00,1.163070871781758830e+00,1.162572636781819879e+00
9.672418509546920617e-01,1.027420853403184342e+00,8.985852428092632183e-01,8.976073514136043707e-01,1.132292999345736240e+00,1.093355593082690147e+00,1.042622463619207407e+00,8.643545528373850484e-01,9.945667414392819206e-01,8.268076913583364274e-01,1.190423779493204881e+00,9.286490109273993765e-01,1.022697786374062279e+00,9.023186478554540146e-01,9.427621202542076917e-01,9.134539116724126329e-01,9.260240610346142098e-01,9.378862078683152248e-01,1.100109801605262172e+00,1.144811216155401379e+00
9.367666547923563236e-01,1.051149049541558300e+00,9.791961615254155538e-01,1.166884501072711799e+00,1.155589271194596312e+00,1.007110560755798412e+00,1.001033383922452780e+00,9.670578063317435413e-01,9.113470180877120130e-01,1.072816536934060316e+00,9.078592750770670960e-01,1.034150191449657807e+00,9.513697551675101005e-01,9.334114014185672659e-01,8.935921196393078469e-01,8.595833035642173048e-01,1.055573255636086394e+00,9.805971023501073303e-01,9.813115134241039428e-01,8.915965069453551939e-01
1.002738037435729090e+00,8.921415831361072524e-01,1.181800118041712810e+00,1.107777575929352665e+00,1.114645767782839858e+00,9.490412848482864261e-01,8.965931401845413928e-01,8.130574754614789956e-01,1.129808091732482200e+00,1.075993072493017788e+00,9.946899740550856350e-01,9.438014987401879274e-01,9.221404471906948785e-01,1.033339070586774433e+00,1.121344555258934284e+00,1.127210471199067143e+00,1.002713696276104294e+00,1.079921073333549586e+00,1.084327586526740328e+00,1.169572718867741390e+00
8.990017378816470561e-01,1.089973947090429274e+00,9.892454896057005787e-01,8.233678138048464712e-01,8.895248647817164400e-01,8.805782750840608353e-01,1.184064815348321087e+00,1.191039194154656533e+00,9.509998056225579255e-01,8.158000973644585763e-01,1.127502911340756198e+00,1.129782468073653678e+00,1.128113583069512815e+00,9.738139545517542350e-01,1.109360797038247970e+00,1.012870135934685445e+00,1.057150432232366821e+00,9.634402135304490633e-01,1.132131455033432044e+00,8.510382722301021996e-01
1.086914347385227186e+00,9.119299707838145475e-01,1.179826036680650780e+00,1.087921453609410616e+00,1.074971264822848438e+00,9.653733198708556174e-01,8.415706369340971715e-01,8.032215184130266916e-01,9.702101770416091675e-01,9.988933090504809043e-01,9.608719679224081434e-01,9.493438690075162167e-01,8.378387778966479571e-01,1.110561367792725518e+00,8.856016210806463285e-01,9.025790124612794729e-01,1.091630787754428900e+00,8.879778583564550409e-01,9.833808090534699176e-01,1.102241555297694964e+00
1.040891915958023439e+00,8.916059656439254688e-01,8.234547844243034209e-01,9.876295316852208295e-01,9.297399115903807187e-01,8.584358720403885146e-01,1.023179639872508373e+00,8.040163580756493067e-01,1.073386276807166251e+00,9.588339136603006851e-01,1.145266797856369312e+00,8.079332459389704235e-01,9.992173281526788298e-01,8.392001485551006112e-01,8.597408154577094175e-01,8.870521364604541104e-01,1.123078265450227819e+00,9.937948953392751195e-01,8.159209251113270778e-01,9.550401492827145233e-01
1.120006266341419199e+00,8.040377598370864742e-01,1.132897505575379826e+00,8.951357885860778962e-01,8.019877074955196194e-01,8.473345031622547818e-01,1.196230342509381650e+00,1.119661032307099680e+00,9.698202075952390144e-01,8.568357957764612953e-01,8.705248786660607641e-01,1.186681962291163739e+00,8.057010326356126573e-01,1.167464507519359485e+00,1.186229747183987993e+00,1.054606636120462682e+00,9.711362192235213353e-01,1.000762437672062521e+00,1.170004859408576348e+00,9.861496281333640423e-01
1.167217781383585118e+00,1.129506818181185146e+00,1.130136997408289545e+00,1.033506028407897626e+00,1.096671686715010363e+00,9.322546511400663372e-01,9.057700678007909456e-01,8.072932125913040435e-01,1.186546994600448990e+00,9.293951994206978151e-01,9.058797186852114436e-01,1.176878950467421525e+00,9.555102285998668954e-01,1.188300674387503308e+00,1.149866494481609713e+00,1.059202691594768986e+00,1.123308608962266586e+00,1.156668805056728200e+00,1.130608175027859819e+00,1.101183988384925261e+00
8.472391532954484106e-01,1.100346884544425308e+00,1.072385882130537871e+00,9.577724625509591583e-01,1.077066806677061672e+00,1.099801774571106172e+00,1.057585386560927265e+00,1.098665546905042589e+00,1.011237268226178321e+00,1.068285307496758652e+00,9.758325736806414685e-01,9.428425864299058157e-01,1.045926993844414010e+00,1.192827528798875214e+00,8.299554802644732998e-01,8.490141174089940179e-01,1.041661167562201840e+00,1.022684852576590142e+00,9.019214819694799656e-01,1.193754944175195565e+00
1.090594643374624084e+00,1.098215937264506392e+00,1.094689690546055472e+00,1.187226496842592516e+00,1.171650174293729085e+00,8.942959826281393632e-01,1.137656701596846176e+00,8.971123865724007773e-01,9.755050915293128622e-01,8.087024008761913851e-01,1.106235487637608150e+00,1.077364694878462981e+00,1.000947008628427337e+00,9.434749013254597472e-01,1.054416363160981973e+00,9.814489699380516408e-01,1.020726545813141373e+00,1.133768537505021268e+00,1.156732580517288334e+00,1.055445547938508533e+00
8.967034358979747433e-01,9.263689666630094965e-01,9.981201022770858078e-01,1.107384284881958836e+00,1.023193693722105557e+00,9.392772147123754634e-01,1.110875377855418789e+00,1.016490206482901115e+00,8.389653611908981512e-01,1.162850880830707867e+00,1.026791075270514275e+00,1.112058124458297881e+00,1.095177786703374512e+00,9.992158210963587583e-01,8.235100239298234204e-01,8.907274764144083035e-01,1.141608811886522412e+00,1.146917080067040740e+00,1.186849956371704540e+00,9.528052551657182345e-01
9.386205611235457491e-01,9.552354693549014453e-01,9.997416127042093592e-01,8.983733084834427673e-01,8.889939747963764294e-01,1.144654653569248781e+00,8.332037666416527433e-01,8.960134097306752254e-01,8.430629767958559562e-01,8.252777837933814586e-01,9.601739766488106564e-01,8.229303268384249304e-01,1.164590835510015854e+00,8.971449746320722118e-01,1.130493704083171069e+00,1.156937073722767773e+00,1.090454503472876091e+00,1.022672887524645802e+00,1.111713992204001578e+00,9.159900887780707546e-01
1.083109364350527848e+00,1.158593712760037420e+00,1.103310851840108908e+00,1.054904593559848003e+00,1.100254885388078474e+00,9.953580501841232664e-01,1.088365465431151868e+00,1.195159572671060433e+00,1.153348589420131631e+00,1.078528226711485960e+00,8.351153036312580769e-01,8.824979330300798397e-01,9.349891393452387511e-01,1.032549716585307698e+00,1.165055378424664223e+00,1.153990973416817889e+00,8.970226768871495393e-01,1.033302379703675333e+00,9.733974218505343501e-01,1.161945015912458246e+00
8.100484134608904041e-01,1.047850825924097284e+00,9.003024474057805815e-01,8.241472699163655546e-01,9.742952339757736668e-01,8.422562725883684376e-01,8.235826714709174601e-01,9.014461978654600971e-01,1.037809664599992132e+00,1.189593132118321961e+00,1.077782175510612506e+00,1.131958766887358525e+00,1.110938169382809093e+00,8.124218352480553351e-01,9.785187856198359624e-01,9.496165979329811435e-01,9.060811344983749072e-01,1.000893914666242113e+00,8.808376046612307331e-01,1.011424449214340937e+00
1.093000432733680416e+00,8.190914069114236806e-01,1.129317215038386113e+00,1.038633832552284808e+00,1.019461624129479826e+00,1.081016259585970474e+00,9.703798535601801944e-01,8.283250870229843521e-01,9.882941965431828457e-01,8.598590510462451597e-01,9.022215108164569619e-01,9.307199942825844508e-01,8.012648747123849446e-01,1.036570725473581200e+00,1.126016435292288786e+00,9.440946475371213564e-01,8.025214904961628370e-01,8.311745440058616596e-01,1.059472677961194043e+00,9.915629410122009935e-01
9.624105370146779359e-01,8.343670258785754745e-01,1.015560626659802068e+00,1.041216720301719745e+00,9.952580295902819785e-01,9.876290468410421353e-01,8.012964664915225299e-01,1.182544114364254551e+00,8.717749802580541107e-01,8.703429873174078901e-01,8.447913687190854448e-01,1.138437376600822892e+00,1.071422962500444331e+00,9.532798214460169728e-01,8.188863446070336893e-01,9.616505286572616384e-01,1.121457893349367518e+00,9.499993081695780051e-01,9.779202636175912122e-01,9.690406505276578653e-01
8.086168609041630706e-01,8.383282230967067372e-01,8.365016794986501747e-01,1.089109013891736977e+00,9.119244165296930271e-01,1.163696903062796384e+00,8.546899756896406686e-01,1.011961930823739308e+00,1.075665219630979053e+00,9.824688800119268928e-01,9.257688287421503848e-01,1.098632204865523709e+00,1.166576789406656545e+00,1.118577384759175786e+00,1.140653021986747895e+00,1.199281920371376930e+00,8.628134522846513388e-01,1.053595166483539458e+00,9.062146985431225321e-01,1.129098054551291197e+00
1.152994745683932676e+00,1.029115847167648035e+00,9.633473463929784764e-01,1.050441109934745265e+00,8.833737177741063373e-01,8.434601554478533547e-01,8.995644853788000717e-01,1.129358789990236644e+00,8.832978184249216103e-01,1.095263661816194833e+00,1.074009186129099458e+00,8.685845273794192689e-01,1.034487879112025999e+00,1.173089922815981012e+00,8.369247318452770479e-01,9.863543456450170055e-01,1.141538287447545486e+00,1.039778730408539076e+00,1.029375873589071011e+00,1.002268628566357345e+00
9.000748614054520091e-01,8.683927567762418365e-01,1.089089712155303591e+00,1.183392594954239652e+00,9.806491639906822488e-01,1.097357221274561923e+00,8.215757463595049215e-01,9.760024503530602136e-01,9.741769488097842267e-01,8.465577981287516485e-01,9.931226836184947615e-01,1.052038161390069781e+00,9.925316000335209221e-01,9.212710751842263512e-01,1.011533048317760697e+00,8.698279446545966742e-01,1.165941092149109126e+00,1.119142822686847172e+00,9.578250798284171363e-01,1.121217623991207057e+00
9.664506394144437573e-01,1.016020782999885741e+00,1.062564734765439667e+00,8.458465208257933687e-01,1.027960817108808378e+00,8.596947232565411712e-01,1.182206120076245703e+00,8.804819044897607139e-01,1.075336210453508690e+00,1.083883199125516894e+00,9.059191141716266271e-01,1.095070429532158718e+00,1.053038653708456618e+00,8.084811194358985098e-01,9.171333934010756916e-01,8.481371725236602765e-01,9.169797833165805878e-01,1.172868461651892513e+00,8.089566513461013963e-01,8.511809853217419120e-01
1.130641868889228352e+00,1.002598089253648794e+00,8.472580278850463387e-01,1.148888197149777746e+00,1.034072815799700784e+00,9.444616291369054561e-01,1.150060060773587578e+00,1.183608540966061051e+00,1.188479666027314918e+00,9.491567304330686961e-01,8.466672971744425569e-01,1.112182456485951487e+00,1.031941726589904018e+00,8.872033362747784313e-01,9.901830426511917249e-01,9.142424194513377733e-01,1.199478014481098587e+00,9.494438877152465706e-01,8.198568423007221995e-01,9.742977453816573652e-01
1.143274993136286222e+00,1.037707797896475270e+00,1.192605655322296343e+00,1.177848238704752415e+00,9.410870002049415151e-01,8.320265002982893954e-01,9.507177058755615917e-01,8.262955021772704356e-01,1.006292972610461245e+00,1.111120369970962862e+00,9.824909702103588049e-01,1.113619739663803010e+00,8.324947320315467802e-01,8.109914541931171339e-01,8.490140819649500958e-01,1.052386831345003326e+00,1.146253887144134120e+00,1.091779475352523621e+00,9.191135709069142568e-01,9.464154261477606411e-01
8.880807324447435036e-01,8.283636157217971752e-01,8.080320177565544215e-01,1.028899552236223869e+00,9.600432445557341987e-01,8.011679323147340437e-01,1.144188124095759207e+00,9.807085713770821167e-01,9.245024327613952098e-01,9.453767424453816126e-01,1.094808446232822696e+00,8.672801048342309027e-01,1.052233191214544616e+00,9.583738287224645713e-01,1.087045478704929291e+00,1.180965907938793524e+00,1.060300389195922399e+00,1.167259299378399895e+00,9.492468250193359935e-01,1.161367237719780343e+00
1.104230798816196790e+00,1.041263129152166123e+00,9.405321085091650213e-01,1.062741449163081775e+00,1.074958179215921517e+00,9.252215375030971023e-01,1.025827542039293494e+00,8.868923463504874150e-01,1.019523871616628607e+00,8.355783409339596624e-01,8.237945354827216349e-01,8.956369596199718064e-01,8.636113603666843996e-01,9.677650616798310068e-01,9.786952662518305646e-01,8.434354743950819300e-01,1.150590044386312849e+00,9.071839453544044973e-01,9.223101336103797232e-01,1.168615705091194945e+00
1.113525447431520377e+00,1.021693553333767879e+00,1.035905446465509971e+00,9.423252247935465231e-01,1.128271346033794309e+00,1.197389671783605447e+00,1.109365880993018028e+00,1.034994185717431403e+00,1.038083756180004480e+00,1.014513936498467661e+00,1.153934735483974627e+00,1.064685737228939555e+00,1.174105858276750070e+00,9.093957645459157524e-01,1.165581254446162340e+00,1.195619300385954986e+00,1.106100189219355157e+00,1.157833264983355592e+00,8.794111042317463989e-01,1.169070846802984009e+00
1.160361967452950394e+00,9.939070687167925744e-01,9.915912822524290959e-01,1.111128309984158902e+00,1.022779815772701273e+00,8.587968068020154222e-01,9.395850307199382634e-01,9.618171531380298456e-01,1.171185076302545980e+00,9.982412177383614971e-01,9.028077458889571805e-01,1.050294418574674538e+00,8.441537518875316115e-01,8.787610224821740257e-01,9.958871393441022235e-01,8.543062596024187938e-01,1.172182829834275575e+00,8.485400669972444909e-01,1.076118104149793364e+00,1.184157603065585374e+00
1.024029446547880751e+00,8.473155731149506487e-01,1.065284591106486989e+00,8.460685712565380046e-01,8.791341819852268591e-01,8.332933625412972667e-01,9.508330697348710281e-01,9.202219606209387504e-01,8.418747569746951598e-01,1.105294560816662885e+00,8.309329683438967384e-01,1.102820020715083782e+00,1.173475871853147279e+00,8.457175268298352533e-01,1.163640894916559310e+00,9.485838714769448954e-01,1.062542375089756908e+00,9.760823449530009466e-01,8.437145282654561207e-01,1.137078800518162236e+00
8.588690466440221938e-01,9.438385745263677684e-01,8.587427165033449938e-01,8.482381073405704797e-01,1.050617746585353007e+00,8.280631803386852008e-01,8.892689457452306323e-01,1.184649773585839672e+00,1.102482568256913709e+00,9.788907114420102307e-01,1.112705925178031130e+00,8.526962289652587623e-01,1.028634367262349247e+00,9.282698020062691846e-01,9.740757841563838504e-01,9.405475663474508474e-01,1.042761169483043870e+00,8.084082382214705653e-01,9.395065020929105337e-01,8.569189265286493162e-01
8.182648853720192461e-01,9.810457478980612045e-01,9.462063452023262711e-01,9.388386150674922215e-01,9.088477537649404248e-01,1.034220379862451411e+00,1.140618053535144227e+00,1.053489639400733813e+00,1.137219778360361921e+00,8.266485562667182929e-01,8.708413247706192628e-01,8.537943048497442788e-01,8.980121063688071281e-01,1.101351267378217980e+00,1.038385722364205233e+00,8.168006879397867737e-01,1.091424767009173236e+00,1.180094156860805876e+00,8.300894887078524853e-01,1.059991260122202350e+00
1.122131754283871130e+00,8.084542809727675028e-01,8.869364968717505793e-01,9.093770880986892235e-01,9.801164975286918990e-01,1.050280987552668410e+00,1.107828729648947075e+00,9.411247510028684093e-01,9.435182038414490213e-01,1.116522391555533789e+00,1.149849519312842405e+00,9.532823947411177556e-01,9.993603411330653774e-01,9.394824157489429783e-01,9.882642748479851802e-01,1.152658772778018648e+00,9.055312378386451977e-01,9.303604754104823904e-01,8.193510106798416182e-01,1.119937898648647234e+00
8.219118882181521979e-01,1.085809095617029207e+00,1.064905897688650960e+00,1.198723425245218355e+00,1.022299787065994447e+00,9.799479932148567052e-01,8.070863139135042719e-01,1.058595779570655537e+00,8.980419640495317379e-01,1.142608886828387016e+00,1.183101928307203732e+00,9.088485239741090904e-01,8.986630219220896887e-01,9.299538483372820075e-01,8.919858941169444000e-01,1.192752689575953040e+00,1.195802745524461752e+00,1.153279313276667217e+00,1.055701762458436832e+00,1.002467617656877641e+00
8.417387922356734942e-01,1.182792189745390576e+00,1.105165231468847598e+00,8.248279285875736999e-01,8.365143102148931975e-01,8.057584010815168618e-01,1.161503574053321941e+00,1.000882922421351129e+00,8.001898360158072876e-01,1.100394997017403398e+00,9.037157897987367905e-01,1.134869544622506110e+00,1.160957255822529399e+00,9.523369078228873796e-01,1.149779074200154128e+00,1.103870915756456572e+00,9.997859688258221578e-01,9.384261887099940580e-01,9.008764319518866026e-01,8.919959264439670799e-01
8.320569575250407190e-01,8.314768228426293595e-01,9.952154170087493812e-01,1.090071479163445156e+00,9.373594241654579218e-01,9.682470263890765594e-01,9.182749921320328967e-01,9.552411900745058082e-01,9.926637902978400207e-01,1.158319551954979820e+00,9.235666073737837101e-01,1.048668536897308545e+00,1.144281255353034599e+00,9.187725527970836970e-01,1.135666866323385094e+00,1.062282017700335368e+00,9.137268596289085387e-01,8.318316620881607282e-01,8.180411037293138232e-01,9.146965799071602454e-01
9.679963901648606095e-01,8.802697463825196467e-01,8.715437985053873238e-01,1.037363003736160971e+00,1.104630990172590366e+00,1.129874617210302690e+00,8.204920495219262255e-01,9.225968549396552643e-01,9.371758373250016483e-01,1.081233080979836059e+00,9.570206217367743795e-01,9.263766469926324465e-01,9.210431385598808474e-01,9.764154385041445838e-01,1.172376279248123598e+00,8.046416971264056528e-01,8.086967420963069308e-01,9.715307881204636731e-01,8.826042655893265865e-01,1.174928441315154393e+00
1.035839046085597293e+00,1.001243963656750058e+00,1.121620848363497291e+00,1.188006682746777010e+00,1.049918179503093185e+00,1.188583530565323398e+00,9.607981980474367134e-01,9.533644606009289424e-01,1.193493564450126332e+00,1.067213101905421402e+00,8.818396610723309159e-01,1.040872909574083627e+00,8.128673666723190694e-01,8.338009530449633777e-01,8.738897781307608525e-01,8.710186462761381199e-01,1.142667409824021707e+00,1.191155657225523079e+00,9.915639455483618026e-01,8.994209799148670248e-01
9.703914923865812892e-01,1.086847625152483010e+00,1.055873228938594810e+00,1.195734491172397274e+00,1.153442998535084030e+00,1.106889801469481460e+00,9.446670947770791082e-01,9.128578646950545883e-01,8.088016953441921064e-01,1.035916838303433618e+00,1.188667922572264946e+00,1.001774003278155467e+00,1.141242236708415847e+00,1.127548343813778331e+00,9.134249042624128512e-01,1.046811650355775170e+00,9.468846384612054079e-01,9.003673695048777237e-01,9.007614798519546495e-01,9.266559237513194436e-01
