9.637632670573033078e-01,1.192598767575353103e+00,8.213079781143758362e-01,1.138645274117438877e+00,8.946498285335465761e-01,8.727985374136562058e-01,1.119991240881231587e+00,1.176863167485115991e+00,9.287744427976855066e-01,8.397703039747000942e-01,9.979259662688952925e-01,9.739150520276543821e-01,9.255267891011510484e-01,1.154076581446257688e+00,9.542894318425801936e-01
1.106342950917094781e+00,1.078891245775178920e+00,1.086615955498833275e+00,8.981198219753724343e-01,1.042747483372510775e+00,8.199710557705063296e-01,1.085041540180617048e+00,9.773940533562469613e-01,1.129878189501676289e+00,1.050601157560063559e+00,1.157286577144322592e+00,1.040993111256123704e+00,1.164320311755636439e+00,9.885274325826818309e-01,9.919564846856554485e-01
8.827681753088794103e-01,8.760655870348741381e-01,8.940855083619047017e-01,1.083991349913601798e+00,9.234403751737008115e-01,9.599185242212283642e-01,9.206431591681637494e-01,1.120281914861591899e+00,1.074808542879658768e+00,9.520969585530930646e-01,8.940266866323098860e-01,1.163094670999442082e+00,9.069631270981768356e-01,8.875980375278703649e-01,8.845458397678770401e-01
9.400714436728865309e-01,8.811741370402128570e-01,8.737912502333160525e-01,8.836776654751355986e-01,9.939036015678613945e-01,1.169484978327919533e+00,1.198265992449035089e+00,1.174754645485909910e+00,1.162550607705552075e+00,8.161273701662281610e-01,9.314554496523931304e-01,1.092708093099934885e+00,1.025902119919324340e+00,1.025589462867504187e+00,1.050899107147423184e+00
1.106208798601038268e+00,1.039879212402393227e+00,8.623175722406435373e-01,8.528177555940265053e-01,1.004897109963409640e+00,1.019346528523175976e+00,9.071886823042698555e-01,9.729151476963243672e-01,1.123690854153389651e+00,1.183242545262726209e+00,9.355566642395423127e-01,1.187251851967926486e+00,1.117813669278740374e+00,9.822745512734547546e-01,8.150993441667452322e-01
1.153718540159087258e+00,1.077172607644053093e+00,1.129377931196076545e+00,9.493460428624796998e-01,8.772215206593321213e-01,1.160802679214627764e+00,1.084171706487763620e+00,1.141754970968925864e+00,1.021323638465071015e+00,1.127279366270609318e+00,1.059531500271165605e+00,1.013637098343639353e+00,1.007622264403210233e+00,1.092740960395294891e+00,9.740515612976757831e-01
1.164016926654866779e+00,9.214979092426567320e-01,1.010741889021949280e+00,9.219856800086301263e-01,1.113930487121508994e+00,9.453496995695211957e-01,9.796865132464520620e-01,8.584483836633969300e-01,8.399853935889904921e-01,1.129180475273661166e+00,1.143602403820274560e+00,1.150061518537852878e+00,9.299125580680334124e-01,1.108318112861253146e+00,1.086324573774849478e+00
1.023858909058364963e+00,8.654138926420664735e-01,1.149991170132880436e+00,9.778264917806571699e-01,1.091226462593779090e+00,1.005355859133854945e+00,1.106265942101300137e+00,1.055443120677173274e+00,8.664028761561384240e-01,8.537133015441114026e-01,1.041391051162207315e+00,8.713192650396341943e-01,1.151482219742366864e+00,8.347476844024632747e-01,9.817828602870851684e-01
9.874865785292333831e-01,8.511700386836611454e-01,1.138949749681357648e+00,1.182932496263468636e+00,1.028712274702155982e+00,1.051303617969409299e+00,1.141665472245585899e+00,8.900888724663590379e-01,1.042650150533068087e+00,8.332018575215589529e-01,8.112109094224565498e-01,1.008588512207160282e+00,1.064044078309024588e+00,1.147232574750240763e+00,9.363555241817325125e-01
1.189313569266898352e+00,1.133644464285266329e+00,1.042946827146621125e+00,1.056535999320330266e+00,9.052986817673109865e-01,1.026167390638621946e+00,8.685336165449426549e-01,9.506233039238299876e-01,9.230699279225934584e-01,8.600306388910821109e-01,9.897179125902623165e-01,8.956290330598627447e-01,1.189211376119793329e+00,1.043057304605155888e+00,1.055546976254428060e+00
8.300673533530986692e-01,8.094116138828016949e-01,1.022637422192833156e+00,1.140040201878317117e+00,9.884231401961335317e-01,8.617085065747769335e-01,1.127145454978676353e+00,8.383954214099472724e-01,8.319972097418297796e-01,8.149098627110824555e-01,1.050526467577070466e+00,9.765247623683404044e-01,1.162647784885568081e+00,8.371361282143248150e-01,1.183391945744417306e+00
1.011984930295749985e+00,8.958851976158510588e-01,1.143734676411339191e+00,1.015917863343234417e+00,8.375666560424626095e-01,1.074262880842922652e+00,1.037817104489712872e+00,1.154543815894884196e+00,8.487196418832337885e-01,1.138933727342224200e+00,1.110036593752925294e+00,1.195336556988278121e+00,9.668344505116824861e-01,1.042834169306223524e+00,1.000020340093661808e+00
1.186844144216343100e+00,1.128747634331219274e+00,8.106431630462030968e-01,9.766428656717748291e-01,9.937215105685908156e-01,1.084787426995270199e+00,1.172367696562836459e+00,8.568621714799018463e-01,1.027544489973535757e+00,1.163140638662831794e+00,8.650382352820829013e-01,1.025096422636319948e+00,1.127296655808781800e+00,8.214653621690319873e-01,1.168921009716147319e+00
8.411300126007945632e-01,1.193856492659886026e+00,1.199451300706078527e+00,9.875592659914651517e-01,1.099295825622530920e+00,9.250983891208908183e-01,8.076323864871900460e-01,8.394896554352901941e-01,8.503436348272235268e-01,8.601376140292369410e-01,1.169616044046704273e+00,9.156106977449487427e-01,1.086428016285923892e+00,1.141141052203486383e+00,1.129024968313947053e+00
8.977266517427393566e-01,1.110437343821897738e+00,8.577708531471184283e-01,1.101324419350267370e+00,8.723918821825666914e-01,9.141087395480570477e-01,9.409365123228168315e-01,9.920179072379944341e-01,8.261847308244875121e-01,8.273988320479249703e-01,1.167507042853218602e+00,9.983928177968790507e-01,9.525000286796774240e-01,1.155311253026481300e+00,1.114243157127726480e+00
1.059082394618513279e+00,9.254796621963964354e-01,1.069233223986706838e+00,8.583644993498238396e-01,8.893636483783364799e-01,9.659461168885875582e-01,9.258590049489702212e-01,9.361837478591322759e-01,1.048374872226975896e+00,1.055470208677992350e+00,1.007078612780333060e+00,8.635616381548785192e-01,1.031067539992413185e+00,9.481559122137188655e-01,1.162780048683669687e+00
9.452863533061495183e-01,8.551514216500788468e-01,8.278945583259454954e-01,1.069831153678450608e+00,1.131738818872630947e+00,9.491850337222575984e-01,1.001216156398164969e+00,1.040913270493514453e+00,8.104052674543421597e-01,1.183519831767761321e+00,8.371377098285578411e-01,9.398083001799935055e-01,1.196843018745231024e+00,8.545347955180099264e-01,1.032113910339891527e+00
9.542776531602983336e-01,1.019387580325368692e+00,9.308761234147527874e-01,1.053065367652956663e+00,8.739458118645864193e-01,1.016251791740077737e+00,1.166561364186239569e+00,9.989342609816900254e-01,1.018345097821510725e+00,8.602698243113604537e-01,9.803600322676452317e-01,1.197610854675697389e+00,1.040703925650294792e+00,9.245500281561159772e-01,1.162442437144674878e+00
8.783560857482058948e-01,8.294147199426525896e-01,1.177583506263499835e+00,1.048670089338415323e+00,8.024687711158950965e-01,1.177398501979332490e+00,9.548491328692447766e-01,1.044759565606624863e+00,8.956032954794129752e-01,1.085117309662230189e+00,1.126463674834289774e+00,1.076253588846787235e+00,1.004049533746149692e+00,1.035386961225309488e+00,9.580684701561704708e-01
1.048248678015358815e+00,9.034694538129927066e-01,9.806557102457571506e-01,1.043955612726735316e+00,1.005118908002651468e+00,9.706179546663941116e-01,1.000821117475940936e+00,1.114536817557303827e+00,9.970606642885919690e-01,1.059681744306929518e+00,8.373376046723552957e-01,8.603975152128039428e-01,1.059951907293643192e+00,1.181569813459326879e+00,1.104697663382091744e+00
8.440093535692569926e-01,8.013346949232191818e-01,1.144311039955544951e+00,1.167324167660525047e+00,1.068538867843705109e+00,1.087285144239170886e+00,1.081044301973614230e+00,8.313373798620952160e-01,1.090847825532130111e+00,1.101433074686525737e+00,1.178044391104173361e+00,8.407833603619387919e-01,8.126659584225986999e-01,8.548493000139683051e-01,1.086642160564653459e+00
1.127479122680432599e+00,8.384201834811426668e-01,9.618061088585094787e-01,1.028064603774038854e+00,1.074394927305045488e+00,1.018142804975246563e+00,9.473571105146739724e-01,1.158542543578972239e+00,8.888609865557102196e-01,1.138418115835384548e+00,8.211911638647553247e-01,1.030919552098618297e+00,1.132098430672370704e+00,8.938719549394386066e-01,1.042882360403701636e+00
8.596167971496682103e-01,9.258490264655705460e-01,9.516275979575220534e-01,1.062547499154959718e+00,9.435310295231316147e-01,9.897179029111494719e-01,9.356247672615067845e-01,9.751947246143048975e-01,1.110021884102323275e+00,9.860109434864122724e-01,1.188731799090597896e+00,1.021794616139483747e+00,8.964115108561748757e-01,8.533202408040083675e-01,1.147143391962636372e+00
9.551052279554800295e-01,8.344637354827283415e-01,1.130662301166800443e+00,1.048975689261141486e+00,9.793206427767762179e-01,1.198243557999931985e+00,1.081070393527864493e+00,1.110668323390624268e+00,9.920548589642140813e-01,8.799437337017209648e-01,1.194985742324744082e+00,8.366541754239967821e-01,1.029031343072888349e+00,8.144415981501103019e-01,1.117194726897622559e+00
8.642273942970775114e-01,1.100246109694939856e+00,9.503490463959082257e-01,1.104371163108378573e+00,8.391524706416987334e-01,1.199117616459343783e+00,1.057898072986068971e+00,9.668292366989472697e-01,1.103311999927945930e+00,1.064753313709646765e+00,1.177928313747803157e+00,1.141617854582771985e+00,1.018986680815220369e+00,8.030118264569454656e-01,9.454926365644382713e-01
9.174348337674002041e-01,1.020850058608909317e+00,1.023537898292869119e+00,8.252260057940690174e-01,1.125163664361800597e+00,9.365285138801039411e-01,1.054001553597935459e+00,8.765768071553683427e-01,1.012096277633329322e+00,1.183601628987261289e+00,9.361046495356476482e-01,8.656508339803449248e-01,1.149623030697154658e+00,1.038958378280486095e+00,8.973873108315258973e-01
1.050173335792627727e+00,8.631135512822649680e-01,8.486231832787238805e-01,1.016381455641497622e+00,9.373055886293936156e-01,9.971984920414913578e-01,1.067291540806248218e+00,1.104466052868041670e+00,1.157237705848264353e+00,9.664452607473595913e-01,1.020387728170095487e+00,9.837653275963871291e-01,8.836442585984257692e-01,8.013942705244566644e-01,1.099598165873786337e+00
1.008871082889514881e+00,1.145857447223268766e+00,9.661363045798947446e-01,1.169363272407232257e+00,8.354763730375025510e-01,8.015661766801525090e-01,8.193833517932973542e-01,1.141820093847969453e+00,1.186679318658727222e+00,8.166239027311026355e-01,1.068952587141923427e+00,1.091798844398958357e+00,1.176658690838421339e+00,8.814545771577942945e-01,9.237705145915116045e-01
9.845957275297066991e-01,9.232454840709106714e-01,1.133519906992759285e+00,9.122739265534335340e-01,1.046152127144902133e+00,1.181314428486785362e+00,1.059001016030002962e+00,8.455722270786968364e-01,9.756796030492481675e-01,9.100709718894705036e-01,8.790986992913881748e-01,1.110111009204854726e+00,1.049820306383247415e+00,1.142775050905477485e+00,8.565028550176863043e-01
1.176865270264507934e+00,1.152065533411015696e+00,9.323656025868164443e-01,8.787550872816946024e-01,1.089138860448432666e+00,1.091608849853024310e+00,9.570177499019485445e-01,1.166179347543179201e+00,1.199437828769366554e+00,1.186434247391004781e+00,8.872572424892313236e-01,9.909758830314064904e-01,8.252561856104481119e-01,8.114234302645564334e-01,8.627209252041372345e-01
1.126058460198547273e+00,1.027633665714938305e+00,1.152137737936466344e+00,9.300174145282036342e-01,1.081424485123057222e+00,9.837131596336581296e-01,9.181492079291811992e-01,8.109686144837044974e-01,8.104190035405075543e-01,9.663964421752456735e-01,1.145267375955824285e+00,8.662866779075661938e-01,9.297888761233081834e-01,8.027073152137200740e-01,1.103851689867085595e+00
1.131918960426500309e+00,1.199956202086560397e+00,1.127346246949819220e+00,1.190711231035581630e+00,1.139709894226464515e+00,8.163453688763145921e-01,8.446109880569244721e-01,9.477289619740861815e-01,1.190850434296900406e+00,9.023453108112349241e-01,1.071014205280040432e+00,8.296726636331434035e-01,8.229085669298846772e-01,1.019749826634128720e+00,1.135578744628286785e+00
8.455472424657017871e-01,1.094922716023044806e+00,1.047926802227180598e+00,1.198728960011398170e+00,1.183075903768096904e+00,1.119237700862566243e+00,8.752468280894701858e-01,1.032501451595196684e+00,1.127589107458573103e+00,8.379373199263545624e-01,9.198421059933763466e-01,1.068553389776232265e+00,9.630430425262892502e-01,9.838049108090468620e-01,1.045329736259375641e+00
1.089007309710797289e+00,1.151739513159269368e+00,8.328955545497571666e-01,8.064139520447581866e-01,1.029875047345555350e+00,8.591950658506246619e-01,8.601259008064349176e-01,1.174747167847497664e+00,8.160100434133974456e-01,9.940836487735129623e-01,8.996976519049973975e-01,1.007332439085950382e+00,1.054508100610785259e+00,1.013057546482112770e+00,1.067166931540141306e+00
9.989012555179892505e-01,1.002350983397092277e+00,1.061916397318659389e+00,9.658103988107861193e-01,8.695439564251621345e-01,1.194199845697567763e+00,1.170189021744808322e+00,9.079899168415627164e-01,1.119971970163700092e+00,1.167798084475418108e+00,9.684661748281473415e-01,9.267505157564749352e-01,1.088121577514703064e+00,9.344401092985744617e-01,9.372927221086826410e-01
9.364560042750991187e-01,8.862639440730224472e-01,8.344762088165829095e-01,9.851054071781095711e-01,8.161267526579711884e-01,1.020069140915187411e+00,1.004718986624007826e+00,9.768792163838909692e-01,9.907421509142710914e-01,8.228681972943669987e-01,1.116990507691046242e+00,1.080316494465427990e+00,1.027618976130411532e+00,9.138725963721385792e-01,8.435091317377543252e-01
1.023743893954068618e+00,1.115557636344971515e+00,1.065765234685657870e+00,1.033913381428922751e+00,1.048941674258519141e+00,1.132705092611150377e+00,1.144309744337680401e+00,1.152557833915514252e+00,1.167559092150497246e+00,9.554457215320961705e-01,1.142919885268893765e+00,1.076721350664283650e+00,1.063439230396975743e+00,1.001699908964558183e+00,1.060443571353570702e+00
1.121256089691249791e+00,1.010497337903003112e+00,1.028979103464903400e+00,8.025027589244628778e-01,9.800132156729624011e-01,8.522751456711381568e-01,1.179439452755496998e+00,1.090334160466104318e+00,1.059502090092401705e+00,1.059803858476322747e+00,8.594648677115933610e-01,1.127973647879251473e+00,9.287490593666839489e-01,9.325425160635040234e-01,8.901540053003053066e-01
1.127915271165598643e+00,8.134887629263133357e-01,8.799672636278708104e-01,1.134037955394016750e+00,1.001550261468911351e+00,8.500660955346601710e-01,1.007014736517824582e+00,8.391460058564186308e-01,9.593164397363175278e-01,1.040679104826283563e+00,8.946943045636970293e-01,9.539100716333468455e-01,9.624556783536085680e-01,9.903077568880966908e-01,8.711918133025442490e-01
1.151892513646800342e+00,1.151417045074883516e+00,8.648039359597545772e-01,9.338474313776752300e-01,1.124606836455730230e+00,1.160295247029434318e+00,1.113012676570140691e+00,8.688234816912459024e-01,9.702251811267412762e-01,1.000570432268093279e+00,9.343177091780073829e-01,1.022497137940408640e+00,9.515613703910901222e-01,9.276428746552423110e-01,8.713509101636276455e-01
9.401646086306040262e-01,1.021989721098903070e+00,9.910994556901695507e-01,1.119981330564957300e+00,8.743818144130658387e-01,9.582020139177951368e-01,1.130462193024344142e+00,8.803554224175129672e-01,8.237013447780709985e-01,1.087749521176863965e+00,9.191000658824870495e-01,1.001347014130520963e+00,8.983258413423457212e-01,8.651675608457778388e-01,8.657412627720568743e-01
1.129491960747558865e+00,9.852161487284839536e-01,8.780207403673218058e-01,9.349141802456979455e-01,9.885682851928617731e-01,1.013821845591985849e+00,9.646223599092218493e-01,9.924664373090622549e-01,8.129568571825381840e-01,1.193517899601802101e+00,1.135819133479353260e+00,1.193595867020747825e+00,8.887933646323227244e-01,1.135367802852452535e+00,1.148536022539463630e+00
8.150512103463154467e-01,9.355578514663337453e-01,9.844497238183382848e-01,1.105057480731373110e+00,1.195336362695931021e+00,8.943532432255688613e-01,1.159032463676089808e+00,1.127084648738945649e+00,1.001125488231693117e+00,8.692779546898484755e-01,1.177392706651541054e+00,9.359744307414206155e-01,1.134872562510254701e+00,8.463493770889441992e-01,1.102113624586181562e+00
9.493093650102444325e-01,9.171647055316889396e-01,1.169749824845493169e+00,9.311276949469615705e-01,1.101673715803523912e+00,8.304713394555494066e-01,1.127012731343823626e+00,1.132999105582964461e+00,1.050353061486756001e+00,1.164758844770313218e+00,8.116269364752937143e-01,1.116542941797718846e+00,1.131399521553967169e+00,1.053571249107263075e+00,1.128670180843508675e+00
1.044420919173796980e+00,8.375310731114504748e-01,1.192131834144646074e+00,9.734092378314843641e-01,8.047089585683391277e-01,1.101615688759128187e+00,9.695096433252664569e-01,8.973952005009999677e-01,1.038944757396359941e+00,1.191806911975382022e+00,8.334621021435003607e-01,9.869336459529999273e-01,9.630597565535723437e-01,9.819792975173938787e-01,1.199068747660970713e+00
9.434339031496955519e-01,1.141003866118662780e+00,8.882736733892410141e-01,1.173558620899551430e+00,9.556994312923132728e-01,9.208004094098880543e-01,1.124680613333884915e+00,9.974506738012728357e-01,9.187089538282230405e-01,1.173627209388316661e+00,9.734728436515998062e-01,1.000945359223907483e+00,9.151853824605225007e-01,1.151890511254214378e+00,9.430450398113601196e-01
8.979905016091301873e-01,1.045213089640465665e+00,9.567474357293723752e-01,8.305177964998341489e-01,8.650955843179001237e-01,9.691418882856124295e-01,9.533646257633365817e-01,9.700790298679600188e-01,8.310914344540123455e-01,1.179496320178414992e+00,8.045979617506215931e-01,9.055129128238006420e-01,8.794899860011347048e-01,8.762474918619564956e-01,8.344612251957682636e-01
1.047519545669588936e+00,9.929345364927275597e-01,9.024429224561695273e-01,1.090978106290595662e+00,1.000950675226301323e+00,1.031368506336783231e+00,1.177297183244359724e+00,9.256083973904671858e-01,1.128252813097605722e+00,1.178605747145398119e+00,1.178180468417911797e+00,1.015825487487128864e+00,8.735515316977604527e-01,8.361462132820962623e-01,8.426488304556494224e-01
1.065115298955461975e+00,9.417997554623255274e-01,1.053410761691230269e+00,8.099432602866631914e-01,1.178655986208098971e+00,9.658790722627215164e-01,1.051672861721618890e+00,1.145589570022267800e+00,8.085257789073763135e-01,1.195926533241231215e+00,9.151940826681497221e-01,9.079720663460458807e-01,1.026615465526397930e+00,8.918064999355965750e-01,1.152950603530368268e+00
1.087905716985195781e+00,9.618488075636759671e-01,9.035641690556767136e-01,1.061377012664711073e+00,9.739128874666291846e-01,1.133143373195840908e+00,9.763019505057339842e-01,9.037874783760363462e-01,9.365745111874440587e-01,1.045628458546234318e+00,8.574168818963820993e-01,1.192910179071491328e+00,1.027202121506652688e+00,8.726470816404595654e-01,8.908294012848237964e-01
1.139123604688842217e+00,1.169802032425490745e+00,1.189139792275619278e+00,1.161875184534581162e+00,1.130233417072375124e+00,1.190002116700860535e+00,1.122579724786264332e+00,1.055915171408398301e+00,8.261201957384282091e-01,8.266990834453112891e-01,1.002829231285739198e+00,1.093151512902029499e+00,8.700918664387669033e-01,1.094084458352253542e+00,1.043975421562493677e+00
9.704233477200154834e-01,1.116539119839148331e+00,1.155234997854398316e+00,8.947952818743780679e-01,1.003455277335552065e+00,1.170112931456981586e+00,8.222168113840910841e-01,9.498866305036363089e-01,9.359793307753212499e-01,1.017333222008416360e+00,1.175276796805557744e+00,1.110527094452661068e+00,9.387512584687294215e-01,1.174975725579196162e+00,9.834682401549622588e-01
1.035656088463902114e+00,1.104696782455742543e+00,8.454213184221623933e-01,1.060593516589247054e+00,8.244899246744777921e-01,1.024971782398775400e+00,1.179602911257334963e+00,9.757838919628780694e-01,1.068209173879909324e+00,1.077331338446537501e+00,1.186668945501063277e+00,8.417486069197313014e-01,1.128388485630249516e+00,9.501880583412475323e-01,8.104112519933988068e-01
1.014787194665317749e+00,8.419771835888814060e-01,1.155622915148397212e+00,1.140315392369006586e+00,1.054837604647203886e+00,8.001323951821154301e-01,1.039682672207777214e+00,9.723682085900244854e-01,8.640274640329730360e-01,9.455914405111021104e-01,8.613237634449180113e-01,8.221753547877029833e-01,9.924553496642644079e-01,1.115867577442159586e+00,1.184029953189268625e+00
1.169121952189645430e+00,9.682753761123662484e-01,9.876070756491677205e-01,8.553840779510105685e-01,1.104115015746808925e+00,8.035995486615462591e-01,1.169634451559923960e+00,1.153366284657103336e+00,1.047407745791421263e+00,1.119655663036999593e+00,9.536283895391027832e-01,8.206677327874879468e-01,1.118075650505796936e+00,8.829596015450673629e-01,8.961202809303531192e-01
8.738777645204269806e-01,8.689324494446666325e-01,1.163937755839269395e+00,8.689870524192662149e-01,1.140447732839227513e+00,9.222647402260546468e-01,1.061804079182963267e+00,1.048674938612995211e+00,8.293726216892247649e-01,9.698943133172848174e-01,1.190567347694437172e+00,9.554275317069956808e-01,1.037963014718292776e+00,1.035664846138894424e+00,8.935909535381564295e-01
1.128030134571244680e+00,9.884264553305628365e-01,1.060712717295246188e+00,8.166339774559023823e-01,8.492407666725702020e-01,8.500025708188261309e-01,1.008479137474752818e+00,1.040335050193534672e+00,9.073497219529340629e-01,9.869005238451757922e-01,8.397768439771929883e-01,1.058565997288546612e+00,9.841044058585555199e-01,1.063591699375679323e+00,8.595735296756238375e-01
8.002182110697757533e-01,8.419613778427200712e-01,1.068928777236541894e+00,1.182072917345513563e+00,1.006025188981377383e+00,1.060741125508861904e+00,1.029678635026604949e+00,1.120425652588276755e+00,9.107509043961828921e-01,9.532117254598020395e-01,1.013115842464512806e+00,1.021758533926008905e+00,9.703033111592430648e-01,1.081263611468391783e+00,1.141226916220465792e+00
1.142018459335901071e+00,8.246558506369248143e-01,1.077571645944679801e+00,1.107692702262109696e+00,8.484553808781568618e-01,8.995029544942956257e-01,8.386072621385890491e-01,8.218021189084931954e-01,1.192807913791837926e+00,8.319863230816032518e-01,1.032326652871036865e+00,8.862761537774556109e-01,1.056526765456252237e+00,1.047069383468500536e+00,1.071673155389560206e+00
9.695861378077337278e-01,8.271365684711511346e-01,1.131100532260901126e+00,8.570774906472868881e-01,8.432202411086505700e-01,1.024022564193325602e+00,8.639913134717309706e-01,9.364724082289728191e-01,1.095174698842832806e+00,1.107509395768509597e+00,9.745438359330472755e-01,1.112286037467677069e+00,1.147167980109643715e+00,9.273346249921905482e-01,8.158490351321074918e-01
9.810329425148488491e-01,8.893750438034699890e-01,9.895512500591208127e-01,1.083835624905878703e+00,1.045951163329347899e+00,1.120646853356958905e+00,1.035159620395337265e+00,8.279359801998642521e-01,1.169370626100527666e+00,1.032697793041063017e+00,1.098728953096041350e+00,1.112825802030942723e+00,1.019615348323705817e+00,1.083100571324913330e+00,9.302786120074244547e-01
8.747066090878570233e-01,9.332593732693430510e-01,1.033517154194574905e+00,1.165638110859534393e+00,1.042742701024011565e+00,1.165057525858941734e+00,1.148943803471970559e+00,9.969275060917646147e-01,1.066151251066615124e+00,1.015152788189060074e+00,1.071048437157462452e+00,9.042455668539690627e-01,9.522112463878964483e-01,1.044990228850833702e+00,1.130893262207503636e+00
8.365290262320160819e-01,1.144152097320192629e+00,1.199694210535894756e+00,8.896639254278807529e-01,8.938355958527622880e-01,1.171031487129956528e+00,9.716738831475012494e-01,1.013773864320426155e+00,1.023917364159809607e+00,1.007064500644242688e+00,8.616075330472199312e-01,8.413628144247794483e-01,1.079407524499278459e+00,8.533102883703798103e-01,1.179926630584463787e+00
1.050764244022943439e+00,1.039575867627682282e+00,1.096909942737149812e+00,8.253436376410094866e-01,1.139359429568270299e+00,1.067987010709845030e+00,1.173028710455572554e+00,1.163917212770216425e+00,9.053107775226015841e-01,9.746781989505601818e-01,1.036552461187480345e+00,9.537330362800894301e-01,1.083683860577946190e+00,1.168130916692171839e+00,1.001979231023550021e+00
8.471842024286877493e-01,1.127015923426229804e+00,9.400214667704933635e-01,8.409407845086103173e-01,1.151250984887769446e+00,9.347365887342973245e-01,1.081872078863911568e+00,8.530713277789419013e-01,1.050081680120057648e+00,1.071415871699581412e+00,8.188870123003280099e-01,9.944930935805306182e-01,1.115985095137962846e+00,9.776405232922580346e-01,1.034162262009735045e+00
8.747239994593783985e-01,1.043904191141202364e+00,1.145688793878576028e+00,1.119507225280814477e+00,1.030604247295425102e+00,8.813940243790333584e-01,8.505454135207188848e-01,1.185165162393413851e+00,8.606921874921572568e-01,1.099134140462428411e+00,1.067092634041244770e+00,8.374415005365868359e-01,9.177493595561448947e-01,1.117001081568063992e+00,9.513504923512648981e-01
1.137524927747459280e+00,8.386962743350960814e-01,9.517025630803597203e-01,1.145569738478496635e+00,9.851409688292308564e-01,1.065657144060209838e+00,8.317730045762644631e-01,9.702318769139780530e-01,8.944774873583152264e-01,1.127672114704103556e+00,9.417500555504439985e-01,8.987950337173883364e-01,1.092181089015698880e+00,1.106389731396735909e+00,1.065533913974789026e+00
8.902597619240534277e-01,9.554769257479129863e-01,1.168334346620810260e+00,9.437099737965717328e-01,9.044209549358266376e-01,8.539875218422857683e-01,1.114469359167655993e+00,9.410609515103250944e-01,1.103770036050905290e+00,9.382847686053362724e-01,1.035306946489357838e+00,8.410918799241615673e-01,1.090835970422429302e+00,1.052877493490892435e+00,1.082160736024221803e+00
1.017830456957600216e+00,1.108899536737741887e+00,1.167058739167940340e+00,1.005149211117217556e+00,1.159971988241924379e+00,8.317132609120510001e-01,1.110663375918707674e+00,1.189586401724948450e+00,1.011504327987688079e+00,9.219839903291183747e-01,1.105580185643894930e+00,1.063423438852610925e+00,9.583472856514667626e-01,9.580833420194743155e-01,1.039490908922472201e+00
1.058745415603715267e+00,8.248961937729293314e-01,9.134607143150016428e-01,9.930048029138160981e-01,1.082941672042270209e+00,9.558810721287753775e-01,8.057824721215456343e-01,9.619745150403502532e-01,1.024070380267165126e+00,1.000471023307287988e+00,1.184435661384249716e+00,8.194396273059703084e-01,1.056222185462840413e+00,1.071880430464665190e+00,8.101491438465668882e-01
1.174117043397804316e+00,9.030248379362862954e-01,9.595649883823915705e-01,1.168824625156256847e+00,1.041876069630760071e+00,1.076921641072676961e+00,1.018812053800899342e+00,1.127698721002374338e+00,8.048030701128017217e-01,1.148034416459545515e+00,9.714203426167586919e-01,9.453514497445084652e-01,8.721408888812850480e-01,8.787575248371551906e-01,9.305115268699861719e-01
8.330084068952536835e-01,1.133267172956082147e+00,1.033491425092305516e+00,1.113723682692687289e+00,1.154543946217953421e+00,1.073062138332128601e+00,1.183163845812558845e+00,8.175822545267162900e-01,1.082885056243288124e+00,1.117577590143018496e+00,8.051406561924590033e-01,8.157218608301861629e-01,1.130015907642664574e+00,1.074741010800945196e+00,1.143406395823613808e+00
8.565316181625327596e-01,8.461997782160880499e-01,1.033172456290446739e+00,1.188671648356114607e+00,1.118388584518982487e+00,9.921297743761361421e-01,8.166624766728727280e-01,1.013096970527619600e+00,9.225193944499591181e-01,1.071381791089135227e+00,1.067131624212383834e+00,1.046732093035495748e+00,1.026661675988919109e+00,8.699514553170050180e-01,8.827141467999898294e-01
1.104168776653692952e+00,1.112806467432752022e+00,1.075764996569164911e+00,9.281493233577007285e-01,1.077999860688943601e+00,1.154172357007045235e+00,1.016419386508669254e+00,1.110302266983807629e+00,9.365442180616302403e-01,1.150344748167334785e+00,9.197635465615240369e-01,8.661699533763513870e-01,9.568620274536103754e-01,8.244982172516863717e-01,8.971478841495864609e-01
8.236188498387102541e-01,8.443191682084646432e-01,8.517107946920735584e-01,1.118559490260003564e+00,1.062423705013930464e+00,1.113875033024179784e+00,1.197790279582537476e+00,8.987753937622227074e-01,1.045783027824164435e+00,9.641951527971501790e-01,9.521285505573549024e-01,1.182653709508680429e+00,9.187177874762140206e-01,9.594170190758729566e-01,9.218914194468410539e-01
1.186177356895891322e+00,1.000293128711042145e+00,9.336014905229920169e-01,1.149701146005023045e+00,1.164413443053384345e+00,1.069934475823436593e+00,9.569443211889313572e-01,9.742431696287817688e-01,9.947345228579249632e-01,1.175632636424554622e+00,9.836706814657847353e-01,1.092797656465067435e+00,8.559184588643535818e-01,9.381128706350100321e-01,8.606325590579619877e-01
1.011404324295942292e+00,1.188988747819044622e+00,9.630014548325789292e-01,9.488777220306779947e-01,1.026925891326474716e+00,9.824334276777239028e-01,1.033873290409176082e+00,9.509059773381007830e-01,1.025052465172625160e+00,9.783602624366755096e-01,9.272307042757290674e-01,1.145379943444063020e+00,1.043855709078340910e+00,9.457068559886053771e-01,9.508669420021621521e-01
8.139785171309030787e-01,1.157152465720673096e+00,1.117302813809782913e+00,1.072159056034928559e+00,1.125626620075401263e+00,8.319768393138986529e-01,8.156398378500502311e-01,1.103980521042764895e+00,8.582494911877305288e-01,1.110211814660698959e+00,1.005476018334966692e+00,1.144636061187077170e+00,1.176631418525621919e+00,8.149713335316328688e-01,1.008579084303377504e+00
1.192939117674020055e+00,1.068051458172297963e+00,8.006180588074848226e-01,9.113362607706283480e-01,1.039224074221335226e+00,9.602336465144077904e-01,1.058855372710516107e+00,1.098612699329423181e+00,8.525776620458800359e-01,8.125941412224080285e-01,1.170077931736726473e+00,1.113120815188819446e+00,9.103342767724041940e-01,8.902854980054069056e-01,1.093396597828282246e+00
8.268661026363152144e-01,1.065917677892686433e+00,9.928064871406964143e-01,9.924698334708297320e-01,1.013068836245918591e+00,8.607511820745239461e-01,9.760311159021887173e-01,8.834397879385674779e-01,1.058438250348764154e+00,1.101544105710777544e+00,8.739195349156126946e-01,1.166921996491702584e+00,1.181643282312426324e+00,1.048478697129328063e+00,8.018344615915337092e-01
8.459190856294950267e-01,9.472170216447270974e-01,8.976282946508089555e-01,9.180272209298070418e-01,8.288449670227561183e-01,1.162754797235330706e+00,9.704195817811802627e-01,8.289526308470880345e-01,9.605750884351100805e-01,8.941777894993830911e-01,1.103602293078578267e+00,1.006703780514833557e+00,9.999567223879393119e-01,1.070477146473510999e+00,1.164755827537933941e+00
8.324722495728784644e-01,1.154889040529259558e+00,1.117389675982161545e+00,1.194958017479933687e+00,1.011070142799196159e+00,1.146274470562984815e+00,1.167477692668877243e+00,1.157321339308764463e+00,1.039904445789609166e+00,1.003415625466258287e+00,1.162914895385151581e+00,1.096133317458329426e+00,1.108517871346653250e+00,1.133724201561830958e+00,8.230437581314028472e-01
1.140775858465131520e+00,1.070425875037173125e+00,1.108022721915988384e+00,1.076996788750250955e+00,8.052974036239339828e-01,8.283163517021067124e-01,1.039761071437783624e+00,8.465717330279792785e-01,1.198070327152552572e+00,8.469823244892799030e-01,1.069771427910055417e+00,1.087422029882682883e+00,1.114594934073987575e+00,1.136889549644062969e+00,1.040979987584475186e+00
1.130949502663737727e+00,1.178509936572856409e+00,1.054343749305983069e+00,8.682359499097975775e-01,8.518415421992724390e-01,1.140698679582896613e+00,9.519614251539907368e-01,8.466139296004587811e-01,9.099442772149163305e-01,9.549290087619035639e-01,1.003937102726826680e+00,1.100651826818125789e+00,1.024587455494960109e+00,8.645219920078510700e-01,8.715950054548888826e-01
1.089059639662576240e+00,1.166478905715921499e+00,8.412084788840987759e-01,1.178152986442285499e+00,8.303460010540566483e-01,1.046366848114651971e+00,8.922115759805812063e-01,9.588291487249620548e-01,8.077168787799685612e-01,1.049121423728363922e+00,1.137850003941001553e+00,9.762186206331279203e-01,1.163618018492245998e+00,1.188644500944554760e+00,8.238458470054265126e-01
9.160369044382826731e-01,8.889770166155237519e-01,8.295280784946935659e-01,1.180945528666123234e+00,9.507658120796802503e-01,1.007403470678868596e+00,1.094446967998361941e+00,8.182173163960553275e-01,1.053247497407160171e+00,1.055794913552489334e+00,1.022263362751627325e+00,8.769001592280316615e-01,9.816873343226182325e-01,9.833376445291306389e-01,1.086579464539420670e+00
1.056181599816596206e+00,1.141388181599077623e+00,1.090098598089196180e+00,1.113073588038687056e+00,8.167990775359124100e-01,1.024322906663740262e+00,1.078481338584101445e+00,1.106479399774183747e+00,8.331418327723686401e-01,8.994594774237718582e-01,8.085641355455414070e-01,1.097908310787346187e+00,1.044361756290907994e+00,8.658867305075438336e-01,1.062533149533470000e+00
8.410381274558166309e-01,9.011125877796480887e-01,8.794365450702773535e-01,8.240384107638818456e-01,9.941451231560781698e-01,1.006085914805018078e+00,8.964221054210381734e-01,8.793567236271175869e-01,9.055578841571039206e-01,1.120524370154183380e+00,9.179017716747960298e-01,9.019335058469296618e-01,1.087553933419326491e+00,1.065572341310212501e+00,8.700614386623130025e-01
1.166752994616832906e+00,8.657846586812762979e-01,1.075329200581595313e+00,1.058066918449056759e+00,9.375137254491044958e-01,1.057976935401671037e+00,1.145742212232890411e+00,1.071259083783765220e+00,1.064313328960487803e+00,8.359986428571830608e-01,9.357497046056142409e-01,8.770016077380258235e-01,1.026552317913894452e+00,1.072393363466351834e+00,9.933930355061938444e-01
1.104080735458195628e+00,8.114792910768972023e-01,8.479343391424045695e-01,9.426747640404742334e-01,1.123277590511109647e+00,8.599854128520139085e-01,8.573661417791792472e-01,1.044210561420474637e+00,1.060455223835469418e+00,1.174990808541299003e+00,1.175986870499825532e+00,1.020436558042786990e+00,8.528141176824540759e-01,9.936259366839597096e-01,8.633160795799310616e-01
1.067503783330076228e+00,8.670719176437085007e-01,8.065963802011054673e-01,9.486479328171113501e-01,8.932727910403314153e-01,1.114306538269572933e+00,1.008331835311598645e+00,1.055922165704598070e+00,1.019270189223232537e+00,9.144502595977737069e-01,1.053869984847224828e+00,8.305664261329186449e-01,1.197082669326223314e+00,8.420748465178748976e-01,1.046756489412433044e+00
1.146331319070493793e+00,1.010020092518756574e+00,1.190170811359382519e+00,1.159084707605230413e+00,1.006822898491107399e+00,1.099639782556382395e+00,1.104889470340871149e+00,8.395337446874646670e-01,1.131267529309125219e+00,9.176919170301032214e-01,8.615206549258752622e-01,1.156628686039813392e+00,9.140456166419559381e-01,8.989903258666618324e-01,8.117657200208635571e-01
9.494082358091107121e-01,8.615578218523003429e-01,1.103544973834674980e+00,8.416611828183023780e-01,8.139050924966642064e-01,1.162397335292352674e+00,1.190507511536663454e+00,9.001168463772443173e-01,1.070298907406517896e+00,9.308651435174363220e-01,1.019013182994866540e+00,9.201837888468674675e-01,1.101777425314629300e+00,8.612778612024434288e-01,8.565200377200621329e-01
1.029379461398434170e+00,8.158570378124068156e-01,8.464653389324792165e-01,1.022455553271968132e+00,8.334346668732695029e-01,9.679233458476186325e-01,9.044344910585878639e-01,9.010920851396770903e-01,8.923372397464625072e-01,8.905301340228485296e-01,8.518166786008682934e-01,8.173020256263034966e-01,1.199770137174098750e+00,8.788243788260721168e-01,1.021480493028979364e+00
1.160021124868385822e+00,9.354125815402469790e-01,1.015190020837298146e+00,8.985395758089209650e-01,8.195631985794110674e-01,8.127246274823631822e-01,8.478753036516188946e-01,8.554981536175305656e-01,1.133850979076300280e+00,9.121472467410209894e-01,9.552135977105258302e-01,1.068612494178604155e+00,1.058240883722132653e+00,9.365887248491878703e-01,1.013475282776251873e+00
9.233794916763318206e-01,1.031819049392853627e+00,1.186517037774938554e+00,1.061872561436810969e+00,1.058020322513845146e+00,9.351799623575394182e-01,1.043960139339456861e+00,9.525638350620786454e-01,8.967296270204960784e-01,8.481005445863480929e-01,8.019511566045386397e-01,1.148731965732149973e+00,9.744064971541704923e-01,9.313019777930497956e-01,9.490941816329773184e-01
8.792672267676109321e-01,8.167598528569464111e-01,1.050016658723045948e+00,1.142798611083044147e+00,1.004395133293803699e+00,8.096766772420438407e-01,1.101571225908624774e+00,9.581645615694536211e-01,8.330758226445897918e-01,8.205476691900190911e-01,9.873483462126556587e-01,1.099033548267853710e+00,9.918362888694812751e-01,9.215680825982901503e-01,1.062395920294852747e+00
9.302510652957580728e-01,8.728162486432797795e-01,1.106629358397139828e+00,9.934470957345153952e-01,1.074843647758906506e+00,9.659587183034978874e-01,1.198151264338272792e+00,1.081149867252029217e+00,9.876759435487015848e-01,1.052827692592614994e+00,9.700603625504252703e-01,1.011170768135297715e+00,8.403068347401332350e-01,1.061814247974755432e+00,1.095418611643577789e+00
1.162049145523186944e+00,9.159217351301582877e-01,9.821945303190946497e-01,8.956006796772606471e-01,1.135329678418181221e+00,1.085990015306051770e+00,1.160154286491476894e+00,8.287140066239948588e-01,1.166136202618983653e+00,1.000846120593930300e+00,8.975729154690780254e-01,1.179216539976752465e+00,1.088789441073976016e+00,9.174031930274461066e-01,9.789301551373089660e-01
1.002275634037604890e+00,8.514290961437812610e-01,1.131403167507286645e+00,1.025703816736381224e+00,8.157905915461854951e-01,8.679991684107970507e-01,8.057890098318378769e-01,8.928420336934658197e-01,9.493126492980125120e-01,9.458890787049194504e-01,9.731452225863297389e-01,1.036174383570909407e+00,8.673814434570208398e-01,1.140484082809078537e+00,8.014378837302766900e-01
9.487603575230231234e-01,9.493780354057688164e-01,1.155187491978889147e+00,1.106460717490741485e+00,9.007456677223014685e-01,1.165874467983695872e+00,1.089335091497464436e+00,1.084068894352065104e+00,1.162575226657169836e+00,8.568354144702545749e-01,9.078111739502467969e-01,8.258649739746510843e-01,1.127213891941942547e+00,8.432077724825468579e-01,9.019012315907399824e-01
1.001895471370166879e+00,1.182027912696487437e+00,1.080029817503028955e+00,9.517516682239620662e-01,8.902406318972069244e-01,1.141384220770568447e+00,8.831677904427506220e-01,1.144649766393367685e+00,8.586273961962072043e-01,1.155637269498434483e+00,1.005127136766838181e+00,1.124146777532493147e+00,1.008346064212910731e+00,1.170737679391780528e+00,8.835350580867668002e-01
1.118419511777343889e+00,1.014371079651160246e+00,9.979442959360004251e-01,1.055563800437995914e+00,1.165060799617856802e+00,1.163297562873249813e+00,1.163475739496199424e+00,1.135025790635420417e+00,1.162303181585945033e+00,9.771897130556379540e-01,8.810548158290534282e-01,1.096641394663308455e+00,1.079933490611192370e+00,8.761861044362386775e-01,1.018022147383069731e+00
9.530563975633207230e-01,1.135345145479449425e+00,1.026831053586966247e+00,9.969227220378906740e-01,1.120563500609260688e+00,1.124273243252453591e+00,1.092275138852979444e+00,1.108198731695758665e+00,1.055649103334517891e+00,1.143925186425299056e+00,8.386295129798894132e-01,8.612563428266797327e-01,1.078297981051805188e+00,8.654743331227399139e-01,1.014233934787441394e+00
1.093341636546747431e+00,8.233208800032525421e-01,1.174061795202315572e+00,1.058087351358217409e+00,1.072685289535821207e+00,1.028583778078780764e+00,1.082234917374077732e+00,8.343695752969385593e-01,9.165329555400577588e-01,8.660706050547891666e-01,1.010563683883509478e+00,9.939242347640915298e-01,8.269956348626207321e-01,8.148457526460046729e-01,1.125556814241771120e+00
1.110159860239258167e+00,1.155778766535191515e+00,8.560192793278118550e-01,1.193566045586533120e+00,1.109179931254548279e+00,1.198165343800333904e+00,1.121385630698880975e+00,1.179997081148453031e+00,1.157194443977236586e+00,9.545891940066614234e-01,1.081908958666521814e+00,8.447082070092735151e-01,1.187118032070099805e+00,9.463013520575681570e-01,1.153968521435045691e+00
1.007236537768858575e+00,9.155575316938240338e-01,9.854425841922000995e-01,1.151604485143012058e+00,8.678132987857880565e-01,9.898482548991625052e-01,1.156080603191808942e+00,1.151496633873980935e+00,1.039338596519835622e+00,9.467193196798564525e-01,1.021783203934027995e+00,9.621749369636866112e-01,9.713181962411280290e-01,8.053335107830891237e-01,1.125504245325905206e+00
9.358734760835887290e-01,1.172355367177016827e+00,1.165514650155504039e+00,1.072336135266950707e+00,1.142291405922198910e+00,1.031615932429041038e+00,9.980543298547928099e-01,1.112425200545225756e+00,8.635128789340522637e-01,1.108303556668576384e+00,1.068027622765450602e+00,1.157278477428552277e+00,9.133842807135119646e-01,9.256254290995276079e-01,1.115956715671284405e+00
1.096412810380113845e+00,1.140861552475714857e+00,9.139730125457667942e-01,1.056194434190769194e+00,8.904698527849527201e-01,1.065293665016016522e+00,1.166202664820847446e+00,8.599064011127059981e-01,9.899875819549476264e-01,1.037147657428224345e+00,9.343210579491150192e-01,8.373606672215819779e-01,1.053183554468696936e+00,1.014350740989849564e+00,1.038605934914807127e+00
1.082217040822803789e+00,9.574555394825562393e-01,8.781587043655555425e-01,8.934970345230351940e-01,8.723760487337837155e-01,9.510977457372968846e-01,9.689355849587555358e-01,8.632130976305666392e-01,8.081389014703799223e-01,1.185374319162876056e+00,8.008966555863711312e-01,9.227727021064212609e-01,9.467824567986743434e-01,9.835624831074575303e-01,9.650274970714011191e-01
1.118959832714143232e+00,1.066738844609484316e+00,1.190151536819844313e+00,1.089103601274038935e+00,1.135970927905609829e+00,9.596141414246148749e-01,1.172078603437803679e+00,9.820812148344569836e-01,1.014639303166345652e+00,8.656232121659188650e-01,1.162576430069061750e+00,1.085377884111601743e+00,9.438533644449194071e-01,9.114571980975990639e-01,1.016772007761028718e+00
8.372405792805487357e-01,9.336954767148187839e-01,1.009369019477369678e+00,1.053086181952655798e+00,8.447199118044418364e-01,1.016322787426231722e+00,9.378388909538583063e-01,1.006226667704638089e+00,1.115641531934640884e+00,8.237106789072600188e-01,9.507210485249816267e-01,1.010959801812540304e+00,8.136019754007004501e-01,1.074324216498706797e+00,9.986336562151757468e-01
1.046095473766038619e+00,9.369657986244269710e-01,1.028075267519582336e+00,1.044213546914341428e+00,1.057918911292885067e+00,9.939329216791707999e-01,8.283248234042992486e-01,8.903653113000987718e-01,1.109811639693481400e+00,1.107659022686060091e+00,8.936846194569832980e-01,9.107796255230069526e-01,9.856653748817532090e-01,9.562450956786436862e-01,1.117695711061563291e+00
1.058601925763148932e+00,9.567901276952454070e-01,9.209024849485359931e-01,1.140158863287147772e+00,1.196102036078493080e+00,8.284948476886100366e-01,1.192145283954450186e+00,8.530122383819411791e-01,9.060947298141482920e-01,1.038982473896201908e+00,8.773773601798208199e-01,1.104042582509161985e+00,1.059810183305784026e+00,1.161992936465635173e+00,8.510579987184986317e-01
9.110411287035325989e-01,8.096512297390385804e-01,8.069131054861280461e-01,1.015128529520196610e+00,1.027256225234356446e+00,9.325756704292993415e-01,1.127300894403220566e+00,9.197148402501496012e-01,1.058932910120846893e+00,8.279234422804101490e-01,8.048873557820693803e-01,1.027741425751534265e+00,1.116493054581780831e+00,9.844840196629700557e-01,1.054909914773249913e+00
9.846827691033218644e-01,8.393895661599350966e-01,1.094385300122017846e+00,8.613834243362090692e-01,1.049186613438277682e+00,1.000901886812485264e+00,8.111164141700230035e-01,1.018523505853954791e+00,1.133978967029648066e+00,8.522443521944342848e-01,1.192739031869650468e+00,9.955142040281549365e-01,8.210913629897702570e-01,1.031514668884759400e+00,1.129869220218106207e+00
1.033208123631550901e+00,1.122921955069476674e+00,8.332250903033775469e-01,1.127562584124702783e+00,9.834656646142513337e-01,1.061911986835048172e+00,1.130862725156642767e+00,9.299385574759411188e-01,9.754417470768848020e-01,9.373266799014141615e-01,8.403656872384290821e-01,8.577315003842084229e-01,8.441797121638224821e-01,1.000907534014493061e+00,9.314711883800995684e-01
1.040813908856741632e+00,8.303374596180187472e-01,1.045501086736352780e+00,1.030792210262891917e+00,1.111158752309483688e+00,9.721623360692470683e-01,8.839442008890853186e-01,1.159787753591022152e+00,1.110995777099152093e+00,1.023882116663262787e+00,9.570921637349995015e-01,9.208226806702788370e-01,1.037878606038469709e+00,1.177269544271620783e+00,1.183208851905238390e+00
9.684272247776073428e-01,1.071776307328368816e+00,8.553312883759890406e-01,1.046171286520366728e+00,9.473807109478180610e-01,9.644745903025677691e-01,1.020768621938797471e+00,9.560608400747762081e-01,8.978771136609824399e-01,1.173161056111412526e+00,9.600941575024058983e-01,8.971366891723731030e-01,1.117497518119938693e+00,1.156390615678962952e+00,8.879207595683452636e-01
1.172287943832566848e+00,1.142194765985435012e+00,1.033628887952398490e+00,9.067565857810876429e-01,1.191810855190438279e+00,1.127870408922273748e+00,9.929873468954686366e-01,1.082045325949338110e+00,1.160726944103708025e+00,1.160949923536367612e+00,1.114972784230630065e+00,8.093585156380006529e-01,1.072412814857783836e+00,9.449656507851231790e-01,9.457642351317114837e-01
1.164626095312373266e+00,1.051999934986738605e+00,1.071268028294020347e+00,9.191047467375351721e-01,1.007988800895599946e+00,9.635280261278917902e-01,9.844878735254343205e-01,8.759359260397521219e-01,9.010776554545663064e-01,9.556670865594456554e-01,8.987614899511837674e-01,8.782421868333548653e-01,9.261812864060287032e-01,1.050310296187901393e+00,1.022128612385731383e+00
1.087887957488006707e+00,1.107608200334850856e+00,8.522397641212950958e-01,1.039846349707569395e+00,1.138145619046829538e+00,1.122713731672191573e+00,1.137767697366305120e+00,9.485337188016325083e-01,8.617712285429727226e-01,1.154859912517862686e+00,1.117749944747970847e+00,1.037699723065429680e+00,9.405786962696053299e-01,8.992708038517196467e-01,9.917292044358611003e-01
9.504653765902926210e-01,9.155630675049220013e-01,8.643937053503030210e-01,1.067026656953902641e+00,9.444076629148618895e-01,8.830710117768721945e-01,1.133692320479013027e+00,8.187161825495707923e-01,8.421932621192719237e-01,1.045461533231973439e+00,9.229210099849110005e-01,1.148038468887538688e+00,1.131773515793513374e+00,1.144518458271232664e+00,1.114316624910965281e+00
8.629169969152606923e-01,1.082066019291155312e+00,9.602527949763913773e-01,8.413731834821385203e-01,1.106408500324396416e+00,9.849116679479903436e-01,8.141421487553122116e-01,1.122929290098595434e+00,9.848387374981275588e-01,1.199567034203106175e+00,1.015218532035241816e+00,8.441723547938344563e-01,1.027324771600074627e+00,9.417005667201051589e-01,8.775690354597657228e-01
1.046494482164167295e+00,1.084126652615703401e+00,9.994854866141757999e-01,1.012705487807069371e+00,8.524857618947229154e-01,9.936524932657102571e-01,9.037731582773954608e-01,9.948091258452204100e-01,1.010358934392083574e+00,8.257264460718933829e-01,1.171044182283998314e+00,9.988311100895336248e-01,1.141403142112135338e+00,1.073433919423746996e+00,9.845663763951826297e-01
9.071883131460867222e-01,8.529558795956792006e-01,9.683501448747923179e-01,1.068914642542408533e+00,1.013580817339700069e+00,1.009763582676145743e+00,9.748951392721392217e-01,1.037756664789615479e+00,1.178009858779097696e+00,9.862982316272099759e-01,8.175526303239172288e-01,1.167418725564575821e+00,1.147105344552022510e+00,9.373816105756520578e-01,9.866256845264762543e-01
1.050085158003898567e+00,8.731919889722548067e-01,9.929881476942208351e-01,9.513131987395988531e-01,8.958579757618770900e-01,1.061155205798888446e+00,1.105575517462713098e+00,9.466218532194473623e-01,1.011556640096105131e+00,1.123402408692160348e+00,1.057973320617450197e+00,1.149372205620531773e+00,1.080086042336919183e+00,9.675362722216420686e-01,1.174829094260641860e+00
1.003739489075064384e+00,9.925514347715800323e-01,9.314476848103855344e-01,1.076586689868826774e+00,1.151612967831311396e+00,8.621108626505371575e-01,1.153130408225008008e+00,1.188889200849847061e+00,1.064258768709490877e+00,1.180689122354205089e+00,8.606553723505665499e-01,1.071206305376504186e+00,9.855948028293850527e-01,1.196600845154528470e+00,9.846202191272688253e-01
9.766679936840738652e-01,8.060736326775903571e-01,1.122154709991918464e+00,1.095353995550811144e+00,1.032834250089200712e+00,1.182257875554892257e+00,9.347950055431166749e-01,9.438955784020527373e-01,1.123611399726742066e+00,9.694340753129511157e-01,9.211637134120065351e-01,8.169378534726439156e-01,9.729491838782822200e-01,1.018585398876127757e+00,8.591617644708197110e-01
9.818281152661991751e-01,8.743675591381192547e-01,1.182616804374132080e+00,1.057513241943614180e+00,8.639882431216272529e-01,1.079765338221727600e+00,8.221686800164587083e-01,1.145071384089868305e+00,1.044049633779851716e+00,9.011308452882106357e-01,9.611423505138079193e-01,1.178783945204386896e+00,9.653453666660809507e-01,1.085710188578568713e+00,9.656880260329121501e-01
1.136812669892807603e+00,8.024754974555876608e-01,1.155379131212131982e+00,1.111029927565031716e+00,1.023748484677865944e+00,8.258774859633619680e-01,1.024113719268266998e+00,1.005715354334442146e+00,1.053465455352288860e+00,1.064248804030708762e+00,9.365220166527796763e-01,8.852453286232727647e-01,1.073591440380360806e+00,9.714542668365362399e-01,9.713478389372983690e-01
1.108841354540222257e+00,9.450747312332110628e-01,9.292555978200783828e-01,1.018868814183054416e+00,8.326728326378386447e-01,1.128699181847530042e+00,8.180368756577029998e-01,9.530223623717380965e-01,1.150573176552043275e+00,9.650583781144743689e-01,8.358355228684316574e-01,9.609625670091717087e-01,1.093802628657813747e+00,8.992848830572455210e-01,1.133153280520744488e+00
1.007664134121200927e+00,1.134465504600109087e+00,9.878762044479653115e-01,8.666163647074263121e-01,9.747345331859171846e-01,1.122030347010335216e+00,1.137183125723350674e+00,8.418073054357726459e-01,1.068960170403540300e+00,8.704268056306829759e-01,8.552598574706401502e-01,9.123212453455958881e-01,8.935366607292136720e-01,1.145132913344272918e+00,1.133596957000884364e+00
9.775358160194307366e-01,8.230268694329294643e-01,1.087753560408101672e+00,8.860019823494009739e-01,1.011685412090571612e+00,8.790792948949398555e-01,8.963327740129140020e-01,1.173506344287186698e+00,9.309607964882213871e-01,1.074107979753423869e+00,1.084917732495574993e+00,8.863793778261321865e-01,9.435853599263849256e-01,8.592603573092127967e-01,1.088338741707387758e+00
8.071331138801265404e-01,1.132899075615930951e+00,1.095176896256791821e+00,9.071966487594816941e-01,1.126987479180390439e+00,9.381254488698804739e-01,8.086143492038567748e-01,1.186331256442607618e+00,8.038511418975995415e-01,9.518552083753401005e-01,9.331726219257003851e-01,8.810953301367487889e-01,8.047142677562533208e-01,9.739953762314124130e-01,8.466433934170951581e-01
9.030692024982936994e-01,8.413161752655383685e-01,1.128476176370563078e+00,1.121736235638243429e+00,1.078374772687510808e+00,8.612566694863498240e-01,1.147050900081677760e+00,9.108943207095837602e-01,8.815405171718576627e-01,8.374460315484739681e-01,9.889265121274509740e-01,9.129429867701971402e-01,1.194703175653728078e+00,1.187963379507450901e+00,1.064945047329442840e+00
9.747214517808059364e-01,1.080960815671012432e+00,9.359721705117900470e-01,9.915871401481538561e-01,1.014930857402197795e+00,8.777665301094279560e-01,9.626989387242679275e-01,1.167443930255872342e+00,1.158908277108351870e+00,1.159958838662890290e+00,8.073683399727229482e-01,9.754767655645842916e-01,1.006984913269902249e+00,8.967313172499792318e-01,1.129959749840005356e+00
1.062120928103697404e+00,9.737057196655038993e-01,1.055867897643258280e+00,1.027606664212229903e+00,1.136957969555477899e+00,1.044468887489682807e+00,1.112950209719033579e+00,1.086795622659362470e+00,9.898028086103429768e-01,1.086556816582066709e+00,9.661257623694616825e-01,1.086335441823704562e+00,1.121689160872189284e+00,1.177360881540119752e+00,1.195352814152663701e+00
1.173327756352109175e+00,8.682282788008558461e-01,8.308495794217668484e-01,8.942008241719453521e-01,9.652767745465584692e-01,1.097929063597222976e+00,9.594981618096256604e-01,9.610160562483995861e-01,8.959458485576869968e-01,9.621231523602759017e-01,1.000675042682532823e+00,9.971463748853545139e-01,9.117005468465458895e-01,8.344684843559802001e-01,1.164448125191114292e+00
1.178889453840187063e+00,8.977176636174057922e-01,8.201055774017516065e-01,9.468445921398189746e-01,9.017026438270041577e-01,9.370312137573398870e-01,8.493438614538657561e-01,9.339815359903205216e-01,1.178293152906583430e+00,8.214918686648815527e-01,1.069430827149537189e+00,8.010040708099572804e-01,1.114625181928375230e+00,9.637716440720607292e-01,9.562193738757533978e-01
9.283552130689985971e-01,1.067929309492460233e+00,8.790728485791016178e-01,1.171890088293030097e+00,9.825836813680224324e-01,8.190050800239911943e-01,8.993586311105362663e-01,9.433098490182389995e-01,8.014842092280750618e-01,8.020241264908047896e-01,1.037331828333225126e+00,1.188944963710477642e+00,1.186415045998673534e+00,1.167306962552457472e+00,9.286153119397057010e-01
1.020935824534912273e+00,8.372670093692872184e-01,9.606036452789652458e-01,1.100727540387880232e+00,1.174418091287275701e+00,9.944935695376884155e-01,9.978346537394097160e-01,8.493812906930346962e-01,1.139458140174462786e+00,1.178994635548963554e+00,8.553861667738229535e-01,8.982197751402588581e-01,1.153842266897487701e+00,1.084482022657640155e+00,1.137720992279545040e+00
1.080662080483311360e+00,8.481632190927488324e-01,1.099684681252442786e+00,1.017168574445567852e+00,8.858038761613479251e-01,1.021641591598963839e+00,8.316878537373375568e-01,1.192902331625856682e+00,9.784101960475933835e-01,1.100247583781959415e+00,8.690935542296458483e-01,1.105574872939399267e+00,1.122187474162223531e+00,1.139041992512703105e+00,9.322181345057989343e-01
8.502316489197029314e-01,9.019170305201048565e-01,8.109542179326267863e-01,9.489472474911126998e-01,1.107569108335440422e+00,8.217492473423001487e-01,9.286673774801832426e-01,8.939713994776309347e-01,8.029732795979980242e-01,1.043088331612519237e+00,9.471412327677313225e-01,1.001299106601905686e+00,9.312504724507107978e-01,1.032408788655417631e+00,1.109968322480853864e+00
8.481096514320071167e-01,9.964778749489926479e-01,1.190772585575766929e+00,1.104019821702925341e+00,9.900141011376235589e-01,9.534303085042893366e-01,8.341098354448481800e-01,9.407274887192018653e-01,8.232904415053696745e-01,1.092368099246679769e+00,1.032248742240311712e+00,8.741803792167557319e-01,1.145448106142327171e+00,9.002683606362191782e-01,1.013179687667347117e+00
1.070752012151203303e+00,9.068994954537380471e-01,9.997232976142116367e-01,1.057206083614014913e+00,1.059050523914159214e+00,1.166102590330564404e+00,1.027681817681081800e+00,1.132881046325870722e+00,1.053572383113217326e+00,1.111578984410928284e+00,1.102158245230899336e+00,9.675851992431931947e-01,8.018215496946980991e-01,8.525636943364421905e-01,9.542607790499604281e-01
8.539536645803502690e-01,1.118615348569282020e+00,1.032730330731195023e+00,9.109937695164673777e-01,1.136782103654252252e+00,8.115899688978611692e-01,8.504411698800438124e-01,1.179852834776154102e+00,8.154928028577268506e-01,9.455675302682378103e-01,8.216221508437187016e-01,1.021832247360559887e+00,9.320349456073357963e-01,1.018979669181686143e+00,9.496629506301533796e-01
1.173358489520582193e+00,1.115374700667028485e+00,8.178191099477613024e-01,9.483038478963528028e-01,9.652013826162388899e-01,1.095879008368297214e+00,1.018869892199675720e+00,9.847230798695429943e-01,9.968553852131758486e-01,1.138564527494097867e+00,1.116793919203947549e+00,1.078240916428297780e+00,8.076991742647148254e-01,8.248566014145093384e-01,9.531206498280355710e-01
8.328488823009674302e-01,9.153452560524112380e-01,9.329113932547468124e-01,1.177944924317814390e+00,1.178565406423254913e+00,9.479242346477073644e-01,1.125104689950424008e+00,1.001917258984255099e+00,8.290834032668820130e-01,8.258118265214127174e-01,8.060907803936723237e-01,9.681005278486434218e-01,1.177712260041976489e+00,8.227740013316673373e-01,8.857824396943188017e-01
1.016362915950090207e+00,8.456721121767073468e-01,8.826058033786309265e-01,1.061911240969179104e+00,1.101790661968276908e+00,9.085143845035911214e-01,1.169076142713843858e+00,1.122484083437522928e+00,9.804250397451531596e-01,8.088699866263285854e-01,1.055242018037066076e+00,8.406250553186679353e-01,1.057451179805681374e+00,8.598664360347317848e-01,8.975557605970306829e-01
